{"type":"FeatureCollection","name":"overlay-sealed","features":[{"type":"Feature","properties":{"name":"Mc Lean Dr","surface":"sealed","hierarchy":"Access","length_m":690},"geometry":{"type":"LineString","coordinates":[[142.20257,-36.73012],[142.20163,-36.73011],[142.20021,-36.72995],[142.19955,-36.7298],[142.19915,-36.72982],[142.19851,-36.72998],[142.19765,-36.73003],[142.19542,-36.72991],[142.1949,-36.73002],[142.19464,-36.73022],[142.19411,-36.73087]]}},{"type":"Feature","properties":{"name":"Jahn Ave","surface":"sealed","hierarchy":"Access","length_m":840},"geometry":{"type":"LineString","coordinates":[[142.01892,-36.74698],[142.02835,-36.74695]]}},{"type":"Feature","properties":{"name":"Rules Road","surface":"sealed","hierarchy":"Local","length_m":0},"geometry":{"type":"LineString","coordinates":[[142.12507,-36.59513],[142.12532,-36.59511]]}},{"type":"Feature","properties":{"name":"Ladlows Rd","surface":"sealed","hierarchy":"Access","length_m":6065},"geometry":{"type":"LineString","coordinates":[[142.21523,-36.60789],[142.25889,-36.60787],[142.26138,-36.60767],[142.27121,-36.60768],[142.27248,-36.60801]]}},{"type":"Feature","properties":{"name":"Freeman St","surface":"sealed","hierarchy":"Access","length_m":25},"geometry":{"type":"LineString","coordinates":[[142.17669,-36.71322],[142.1757,-36.71289],[142.17265,-36.71371]]}},{"type":"Feature","properties":{"name":"One Tree Rd","surface":"sealed","hierarchy":"Access","length_m":754},"geometry":{"type":"MultiLineString","coordinates":[[[142.26684,-36.83776],[142.26683,-36.83989],[142.26686,-36.84002],[142.26719,-36.84029],[142.26723,-36.84045],[142.26707,-36.841],[142.26721,-36.84126],[142.26714,-36.84141],[142.26751,-36.84213],[142.26797,-36.84237]],[[142.26684,-36.83727],[142.26684,-36.83776]],[[142.26797,-36.84237],[142.268,-36.84122]]]}},{"type":"Feature","properties":{"name":"Rogers St","surface":"sealed","hierarchy":"Access","length_m":95},"geometry":{"type":"LineString","coordinates":[[142.18069,-36.71376],[142.17957,-36.71403]]}},{"type":"Feature","properties":{"name":"Park Dr","surface":"sealed","hierarchy":"Access","length_m":548},"geometry":{"type":"LineString","coordinates":[[142.19398,-36.71175],[142.19399,-36.71404],[142.19381,-36.71463],[142.19323,-36.71573],[142.19323,-36.71666]]}},{"type":"Feature","properties":{"name":"Western Highway","surface":"sealed","hierarchy":"Highway","length_m":0},"geometry":{"type":"MultiLineString","coordinates":[[[142.09986,-36.4942],[142.09993,-36.50145],[142.10008,-36.50216],[142.10047,-36.50307],[142.10091,-36.50371],[142.10323,-36.50615],[142.10384,-36.50721],[142.10421,-36.50877],[142.1045,-36.51069],[142.10486,-36.51168],[142.10523,-36.51223],[142.10648,-36.51335],[142.10858,-36.51447],[142.10925,-36.51492],[142.10981,-36.51543],[142.11171,-36.51771],[142.11214,-36.5184],[142.11264,-36.51972],[142.11279,-36.5204],[142.11543,-36.5465],[142.11617,-36.57635],[142.11643,-36.58093],[142.11659,-36.58207],[142.11697,-36.58301],[142.12427,-36.59244],[142.12471,-36.5932],[142.12488,-36.59367],[142.12498,-36.59405],[142.12507,-36.59513],[142.12517,-36.61037],[142.12528,-36.611],[142.12556,-36.61181],[142.14082,-36.6419],[142.14167,-36.64454],[142.14342,-36.64775],[142.14456,-36.64926],[142.16779,-36.69496],[142.16834,-36.69598],[142.16873,-36.69654],[142.16935,-36.6972]],[[142.21615,-36.74217],[142.21869,-36.74418],[142.22973,-36.75032],[142.25429,-36.76349],[142.25811,-36.76572],[142.2614,-36.76749],[142.2906,-36.78306],[142.29869,-36.7867],[142.3127,-36.79315],[142.34032,-36.8079],[142.34376,-36.80995],[142.3695,-36.82373],[142.4002,-36.83799],[142.40122,-36.83864],[142.42909,-36.85996],[142.43554,-36.86416],[142.44168,-36.86882]],[[142.44898,-36.87437],[142.44919,-36.87453]],[[142.44975,-36.87496],[142.47931,-36.89755]],[[142.55943,-36.94277],[142.5383,-36.93096],[142.51989,-36.92083],[142.51657,-36.91935],[142.51086,-36.91575]]]}},{"type":"Feature","properties":{"name":"Pynsent St","surface":"sealed","hierarchy":"Access","length_m":612},"geometry":{"type":"LineString","coordinates":[[142.19713,-36.71547],[142.20494,-36.71544]]}},{"type":"Feature","properties":{"name":"Ross Rd","surface":"sealed","hierarchy":"Access","length_m":2216},"geometry":{"type":"MultiLineString","coordinates":[[[141.94784,-37.14209],[141.94756,-37.14401]],[[141.94756,-37.14401],[141.94731,-37.14563]],[[141.95251,-37.11178],[141.9512,-37.12037],[141.95051,-37.12431],[141.95026,-37.12539],[141.95003,-37.12812],[141.94956,-37.13063],[141.94756,-37.14401]],[[141.94756,-37.14401],[141.94709,-37.14708]],[[141.94709,-37.14708],[141.94637,-37.15193]],[[142.43125,-36.84135],[142.42888,-36.84135]]]}},{"type":"Feature","properties":{"name":"Stawell Road","surface":"sealed","hierarchy":"Highway","length_m":0},"geometry":{"type":"MultiLineString","coordinates":[[[142.20472,-36.72442],[142.20486,-36.72553]],[[142.20486,-36.72553],[142.20482,-36.72608]],[[142.20486,-36.72553],[142.20499,-36.72553]],[[142.2049,-36.72622],[142.20521,-36.7329],[142.20538,-36.73307]],[[142.20522,-36.7254],[142.20499,-36.72553]],[[142.20499,-36.72553],[142.20488,-36.72317],[142.20495,-36.72304],[142.20507,-36.72317],[142.20522,-36.7254]],[[142.20538,-36.73307],[142.20499,-36.72553]],[[142.20522,-36.7254],[142.20523,-36.72554]],[[142.20536,-36.72553],[142.20523,-36.72554]],[[142.20523,-36.72554],[142.20548,-36.73287]],[[142.20534,-36.72445],[142.20536,-36.72553]],[[142.20536,-36.72553],[142.20537,-36.72593]],[[142.20625,-36.73419],[142.20554,-36.73346],[142.20538,-36.73307]],[[142.20548,-36.72624],[142.20559,-36.73284],[142.20548,-36.73287]],[[142.20548,-36.73287],[142.20567,-36.73341],[142.20602,-36.73384],[142.20805,-36.73557]],[[142.20625,-36.73419],[142.20583,-36.73416]],[[142.20805,-36.73557],[142.20625,-36.73419]],[[142.20805,-36.73557],[142.21615,-36.74217]]]}},{"type":"Feature","properties":{"name":"Kenny Rd","surface":"sealed","hierarchy":"Access","length_m":337},"geometry":{"type":"MultiLineString","coordinates":[[[142.16903,-36.74108],[142.18549,-36.74091],[142.18587,-36.74117]],[[142.18982,-36.74089],[142.1931,-36.74089]],[[142.1931,-36.74089],[142.19735,-36.74088]]]}},{"type":"Feature","properties":{"name":"Bushby Rd","surface":"sealed","hierarchy":"Access","length_m":1758},"geometry":{"type":"LineString","coordinates":[[142.20514,-36.77558],[142.19867,-36.77555],[142.19573,-36.77546],[142.19548,-36.77525],[142.19303,-36.77116],[142.19307,-36.76761]]}},{"type":"Feature","properties":{"name":"Fulton Ave","surface":"sealed","hierarchy":"Access","length_m":109},"geometry":{"type":"LineString","coordinates":[[142.17559,-36.72648],[142.17592,-36.72703],[142.17587,-36.72754]]}},{"type":"Feature","properties":{"name":"Kooyong St","surface":"sealed","hierarchy":"Access","length_m":343},"geometry":{"type":"LineString","coordinates":[[142.1785,-36.71823],[142.17851,-36.71859],[142.17865,-36.71896],[142.17989,-36.72114]]}},{"type":"Feature","properties":{"name":"Mc Lachlan St","surface":"sealed","hierarchy":"Access","length_m":645},"geometry":{"type":"LineString","coordinates":[[142.19712,-36.71311],[142.20491,-36.71307]]}},{"type":"Feature","properties":{"name":"Sisson St","surface":"sealed","hierarchy":"Access","length_m":152},"geometry":{"type":"LineString","coordinates":[[141.93916,-36.743],[141.94008,-36.74437]]}},{"type":"Feature","properties":{"name":"Holes Rd","surface":"sealed","hierarchy":"Access","length_m":615},"geometry":{"type":"LineString","coordinates":[[142.22375,-36.75305],[142.23066,-36.75308]]}},{"type":"Feature","properties":{"name":"Wail Nursery Rd","surface":"sealed","hierarchy":"Access","length_m":762},"geometry":{"type":"LineString","coordinates":[[142.07144,-36.49591],[142.08175,-36.49971],[142.08191,-36.50002],[142.08122,-36.50412],[142.08121,-36.50469],[142.08452,-36.50501],[142.08475,-36.5051],[142.08487,-36.50533],[142.08482,-36.50577],[142.08492,-36.50622],[142.08872,-36.5065],[142.09371,-36.50597],[142.0944,-36.50605],[142.1023,-36.50893],[142.10294,-36.50935],[142.10317,-36.50997],[142.10307,-36.51138],[142.1032,-36.5117],[142.10362,-36.51192],[142.10399,-36.51193],[142.10486,-36.51168]]}},{"type":"Feature","properties":{"name":"Horsham-Noradjuha Road","surface":"sealed","hierarchy":"Arterial","length_m":0},"geometry":{"type":"LineString","coordinates":[[142.11734,-36.73901],[142.11739,-36.75088],[142.11732,-36.75155],[142.11713,-36.75216],[142.11477,-36.75688],[142.1107,-36.76422],[142.11032,-36.76503],[142.11028,-36.76542],[142.11047,-36.76704],[142.11036,-36.7679],[142.10969,-36.76892],[142.10515,-36.7738],[142.10427,-36.77445],[142.06345,-36.79666],[142.03488,-36.81362],[141.96413,-36.83781]]}},{"type":"Feature","properties":{"name":"Old Hamilton Rd","surface":"sealed","hierarchy":"Access","length_m":7155},"geometry":{"type":"MultiLineString","coordinates":[[[142.20557,-36.74085],[142.20559,-36.74147]],[[142.20559,-36.74147],[142.2056,-36.74332]],[[142.2056,-36.74332],[142.2056,-36.74372]],[[142.2056,-36.74372],[142.20561,-36.74389]],[[142.20561,-36.74389],[142.20562,-36.74464]],[[142.20562,-36.74464],[142.20552,-36.75302],[142.20545,-36.75458],[142.20531,-36.75565]],[[142.20531,-36.75565],[142.20529,-36.75584]],[[142.20529,-36.75584],[142.20528,-36.75598]],[[142.20528,-36.75598],[142.20522,-36.75812]],[[142.20522,-36.75812],[142.20516,-36.76742]],[[142.20516,-36.76742],[142.20515,-36.77079]],[[142.20515,-36.77079],[142.20514,-36.77512]],[[142.20514,-36.77512],[142.20508,-36.78552]],[[142.20508,-36.78552],[142.20505,-36.78993],[142.20487,-36.79028],[142.20445,-36.79069],[142.20318,-36.79147]],[[142.20318,-36.79147],[142.20201,-36.79229],[142.20023,-36.79384]],[[142.20023,-36.79384],[142.19966,-36.79436],[142.19829,-36.79503],[142.19619,-36.7966]],[[142.19619,-36.7966],[142.19405,-36.79816]],[[142.19405,-36.79816],[142.19219,-36.79955]]]}},{"type":"Feature","properties":{"name":"Jung North Rd","surface":"sealed","hierarchy":"Collector","length_m":13740},"geometry":{"type":"MultiLineString","coordinates":[[[142.35345,-36.50247],[142.35347,-36.50839],[142.35354,-36.50888],[142.35391,-36.50946],[142.35504,-36.51022],[142.35529,-36.51049],[142.35551,-36.51088],[142.35562,-36.51141],[142.35541,-36.53194],[142.35375,-36.53913],[142.35369,-36.55064],[142.35375,-36.55118],[142.35425,-36.55284],[142.35426,-36.55849],[142.35434,-36.55905],[142.35454,-36.55948],[142.35492,-36.55995],[142.35529,-36.56027],[142.35578,-36.56051],[142.35639,-36.56067],[142.35825,-36.56083],[142.35903,-36.56105],[142.35974,-36.56151],[142.36019,-36.56202],[142.36044,-36.56274],[142.36017,-36.6019]],[[142.36012,-36.60973],[142.36002,-36.62227],[142.36013,-36.62262]]]}},{"type":"Feature","properties":{"name":"Mitre-Nurcoung Rd","surface":"sealed","hierarchy":"Collector","length_m":7810},"geometry":{"type":"LineString","coordinates":[[141.73847,-36.68113],[141.7412,-36.68356],[141.74181,-36.68429],[141.74227,-36.68522],[141.74296,-36.68735],[141.74337,-36.68802],[141.74388,-36.68862],[141.74492,-36.6894],[141.75107,-36.69204],[141.75633,-36.69567],[141.7571,-36.69646],[141.75894,-36.69862],[141.76133,-36.70169],[141.76233,-36.70241],[141.76339,-36.70277],[141.764,-36.70287],[141.77886,-36.70439],[141.77955,-36.70462],[141.78011,-36.70504],[141.78044,-36.70559],[141.78051,-36.70606],[141.77844,-36.71952],[141.77839,-36.72038],[141.77865,-36.72143],[141.78148,-36.72689],[141.78131,-36.72807]]}},{"type":"Feature","properties":{"name":"Horsham-Lubeck Rd","surface":"sealed","hierarchy":"Link","length_m":14658},"geometry":{"type":"MultiLineString","coordinates":[[[142.32184,-36.76477],[142.32195,-36.72655],[142.3218,-36.72571],[142.32143,-36.72506],[142.32074,-36.72444],[142.31982,-36.724],[142.31886,-36.72386],[142.31709,-36.72385],[142.22714,-36.72367],[142.22605,-36.72381],[142.22547,-36.72397],[142.22458,-36.72442],[142.22371,-36.72522]],[[142.32184,-36.76477],[142.32185,-36.76619],[142.32218,-36.76575],[142.32271,-36.76554]],[[142.32271,-36.76554],[142.32206,-36.76524],[142.32184,-36.76477]],[[142.46709,-36.74518],[142.46169,-36.74538],[142.43456,-36.74537],[142.43323,-36.74553],[142.43238,-36.74592],[142.43185,-36.7464],[142.43151,-36.74688],[142.43137,-36.74728],[142.43129,-36.75124],[142.43116,-36.75169],[142.43096,-36.75204],[142.4305,-36.75255],[142.42972,-36.75302],[142.42881,-36.75325],[142.40226,-36.75333],[142.40138,-36.75359],[142.40045,-36.75419],[142.39608,-36.75933],[142.39547,-36.75996],[142.39486,-36.76035],[142.39431,-36.76059],[142.3931,-36.76071],[142.3913,-36.76028],[142.38726,-36.75975],[142.38427,-36.75953],[142.38344,-36.75961],[142.38251,-36.75983],[142.37831,-36.76114],[142.37743,-36.76168],[142.3769,-36.76245],[142.37678,-36.76278],[142.3765,-36.76544],[142.37641,-36.76596],[142.37622,-36.76644],[142.37589,-36.76692],[142.37527,-36.76745],[142.37448,-36.7678],[142.37363,-36.76793],[142.35507,-36.76793],[142.35398,-36.76781],[142.34668,-36.76538],[142.34242,-36.76467],[142.34011,-36.76449],[142.33864,-36.76454],[142.33815,-36.76467],[142.33635,-36.76544],[142.33492,-36.76556],[142.32271,-36.76554]]]}},{"type":"Feature","properties":{"name":"Three Mile Rd","surface":"sealed","hierarchy":"Access","length_m":360},"geometry":{"type":"LineString","coordinates":[[142.00499,-36.68397],[142.0057,-36.68383],[142.00899,-36.68384]]}},{"type":"Feature","properties":{"name":"Heards Rd","surface":"sealed","hierarchy":"Access","length_m":2850},"geometry":{"type":"MultiLineString","coordinates":[[[142.04045,-36.91207],[142.04055,-36.91223],[142.04055,-36.9126],[142.04024,-36.91337],[142.04044,-36.9135],[142.05639,-36.91506]],[[142.05639,-36.91506],[142.0566,-36.91508]],[[142.0566,-36.91508],[142.08006,-36.91733]]]}},{"type":"Feature","properties":{"name":"Wimmera Highway","surface":"sealed","hierarchy":"Highway","length_m":0},"geometry":{"type":"MultiLineString","coordinates":[[[141.7105,-36.85571],[141.72325,-36.85055],[141.72439,-36.84986],[141.73071,-36.84358],[141.73193,-36.84213],[141.73266,-36.84098],[141.73336,-36.83949],[141.73503,-36.83463],[141.7354,-36.83388],[141.73604,-36.83289],[141.73722,-36.83159],[141.73825,-36.83073],[141.73976,-36.82981],[141.74787,-36.82586],[141.75878,-36.81996],[141.76608,-36.81571],[141.78571,-36.80503],[141.78675,-36.80458],[141.78878,-36.80409],[141.79514,-36.80309],[141.79664,-36.80303],[141.80201,-36.80304],[141.80315,-36.80288],[141.80503,-36.80229],[141.80612,-36.80172],[141.80794,-36.80032],[141.80956,-36.79921],[141.8106,-36.79864],[141.932,-36.74536],[141.93345,-36.74492],[141.93628,-36.74424],[141.93698,-36.74397]],[[141.95121,-36.73762],[141.95253,-36.73692],[141.96926,-36.72957],[141.97046,-36.72928],[141.97143,-36.72924],[141.98133,-36.7306],[141.98733,-36.73162],[142.00052,-36.73348],[142.00561,-36.73474],[142.00873,-36.73626],[142.01038,-36.73692],[142.0112,-36.73709],[142.0122,-36.73718],[142.01517,-36.7372],[142.04587,-36.73904],[142.07059,-36.73889],[142.07313,-36.73904],[142.08119,-36.73904],[142.08271,-36.73917],[142.11734,-36.73901],[142.11826,-36.73881],[142.12828,-36.73502],[142.13394,-36.73251],[142.13475,-36.7323],[142.13596,-36.73214],[142.13827,-36.732],[142.14273,-36.73149],[142.16476,-36.72662]],[[142.26002,-36.63837],[142.25969,-36.63871],[142.25954,-36.63898],[142.25932,-36.63981]],[[142.26002,-36.63837],[142.25946,-36.63861]],[[142.25949,-36.6385],[142.26082,-36.63797]],[[142.26002,-36.63837],[142.26082,-36.63797]],[[142.26082,-36.63797],[142.27583,-36.63338],[142.27705,-36.63302],[142.27795,-36.63285],[142.30864,-36.63267],[142.32131,-36.63251],[142.34439,-36.63251],[142.34569,-36.63242],[142.34674,-36.63218],[142.34746,-36.63191],[142.34865,-36.63126],[142.36003,-36.6227],[142.36128,-36.62182],[142.36209,-36.62143],[142.36355,-36.62109],[142.37288,-36.62105]]]}},{"type":"Feature","properties":{"name":"Banyena Rd","surface":"sealed","hierarchy":"Collector","length_m":8032},"geometry":{"type":"MultiLineString","coordinates":[[[142.25315,-36.55445],[142.25472,-36.55412]],[[142.25472,-36.55412],[142.25634,-36.55378]],[[142.25634,-36.55378],[142.25753,-36.55353],[142.25922,-36.55353]],[[142.25922,-36.55353],[142.26346,-36.55354],[142.26597,-36.55364],[142.28678,-36.55352]],[[142.28678,-36.55352],[142.29958,-36.55314],[142.30038,-36.55333]],[[142.30074,-36.5528],[142.30121,-36.55295],[142.30991,-36.55295]],[[142.30991,-36.55295],[142.3215,-36.55295],[142.32796,-36.55286],[142.33586,-36.55293]],[[142.33586,-36.55293],[142.33662,-36.55294]],[[142.33662,-36.55294],[142.35425,-36.5529]],[[142.35425,-36.55284],[142.36333,-36.55287]],[[142.36333,-36.55287],[142.36723,-36.55307],[142.38782,-36.55306]],[[142.38782,-36.55306],[142.38914,-36.55306]]]}},{"type":"Feature","properties":{"name":"Rasmussen Rd","surface":"sealed","hierarchy":"Link","length_m":1876},"geometry":{"type":"MultiLineString","coordinates":[[[142.20224,-36.69697],[142.20274,-36.69697]],[[142.20274,-36.69697],[142.20366,-36.69696]],[[142.20366,-36.69696],[142.20609,-36.69694]],[[142.20609,-36.69694],[142.21073,-36.69689]],[[142.21073,-36.69689],[142.21334,-36.69687]],[[142.21334,-36.69687],[142.21572,-36.69684]],[[142.21572,-36.69684],[142.21808,-36.69682]],[[142.21808,-36.69682],[142.22014,-36.6968]],[[142.22014,-36.6968],[142.22206,-36.69678]],[[142.22206,-36.69678],[142.22309,-36.69679],[142.22344,-36.69697]]]}},{"type":"Feature","properties":{"name":"Riverside Rd","surface":"sealed","hierarchy":"Collector","length_m":1920},"geometry":{"type":"LineString","coordinates":[[142.22381,-36.69665],[142.22432,-36.69677],[142.23477,-36.69672],[142.23558,-36.69682],[142.23657,-36.69716],[142.23699,-36.69745],[142.23767,-36.69814],[142.23796,-36.6989],[142.23803,-36.70374]]}},{"type":"Feature","properties":{"name":"Stapledons Rd","surface":"sealed","hierarchy":"Access","length_m":6222},"geometry":{"type":"MultiLineString","coordinates":[[[142.52338,-36.84534],[142.52328,-36.84578],[142.52302,-36.84602],[142.52281,-36.84606],[142.52243,-36.84597],[142.52196,-36.84563],[142.52158,-36.84505],[142.52116,-36.84502],[142.52031,-36.84554],[142.52022,-36.84571],[142.52014,-36.84618],[142.52029,-36.84678],[142.52106,-36.8484],[142.52114,-36.84877],[142.52114,-36.85182]],[[142.52114,-36.85182],[142.52114,-36.85202]],[[142.52114,-36.85202],[142.52114,-36.85905]],[[142.52114,-36.85905],[142.52114,-36.86212]],[[142.52114,-36.86212],[142.52105,-36.87076]],[[142.52105,-36.87076],[142.52106,-36.87882]],[[142.52106,-36.87882],[142.52106,-36.879]],[[142.52106,-36.879],[142.52111,-36.88115],[142.52156,-36.8821]],[[142.52156,-36.8821],[142.52301,-36.8838],[142.52322,-36.88416],[142.52344,-36.88532],[142.52334,-36.88843]],[[142.52334,-36.88843],[142.52329,-36.8899],[142.52331,-36.89924]]]}},{"type":"Feature","properties":{"name":"Williams Road","surface":"sealed","hierarchy":"Arterial","length_m":0},"geometry":{"type":"LineString","coordinates":[[142.20502,-36.72607],[142.22071,-36.72623],[142.22177,-36.72618],[142.22269,-36.7259],[142.22312,-36.72568],[142.22371,-36.72522]]}},{"type":"Feature","properties":{"name":"Lower Norton-Nurrabiel Rd","surface":"sealed","hierarchy":"Link","length_m":14750},"geometry":{"type":"LineString","coordinates":[[142.08343,-36.78577],[142.08371,-36.78634],[142.08375,-36.78677],[142.08342,-36.78785],[142.05876,-36.85693],[142.05188,-36.87592],[142.04859,-36.8853],[142.03853,-36.91329]]}},{"type":"Feature","properties":{"name":"Jallumba-Mockinya Rd","surface":"sealed","hierarchy":"Collector","length_m":19385},"geometry":{"type":"LineString","coordinates":[[141.94376,-36.93226],[141.94749,-36.93254],[141.97455,-36.93523],[141.98449,-36.9363],[142.02637,-36.94035],[142.02945,-36.94073],[142.03024,-36.94077],[142.05862,-36.9392],[142.0592,-36.93926],[142.06006,-36.93956],[142.07347,-36.94661],[142.07443,-36.947],[142.07522,-36.94722],[142.10734,-36.95318],[142.10806,-36.9534],[142.10915,-36.95393],[142.11434,-36.95707],[142.11561,-36.95754],[142.15243,-36.96296],[142.15314,-36.96284],[142.15346,-36.96264],[142.15403,-36.96187]]}},{"type":"Feature","properties":{"name":"Plush Hannans Rd","surface":"sealed","hierarchy":"Access","length_m":10565},"geometry":{"type":"LineString","coordinates":[[142.06345,-36.79666],[142.06637,-36.79987],[142.06671,-36.80007],[142.09459,-36.80284],[142.09784,-36.80304],[142.1008,-36.8034],[142.10206,-36.80347],[142.11977,-36.80523],[142.11997,-36.80542],[142.11933,-36.80933],[142.11935,-36.80951],[142.11961,-36.80969],[142.12384,-36.81008],[142.12586,-36.81013],[142.13345,-36.81088],[142.1348,-36.81116],[142.13708,-36.81142],[142.1395,-36.81109],[142.14828,-36.81112],[142.15485,-36.81124],[142.15896,-36.81125],[142.16071,-36.81117],[142.17303,-36.81122]]}},{"type":"Feature","properties":{"name":"Henty Highway","surface":"sealed","hierarchy":"Highway","length_m":0},"geometry":{"type":"MultiLineString","coordinates":[[[142.20431,-36.74087],[142.19642,-36.75261],[142.18113,-36.77515],[142.18016,-36.77649],[142.17958,-36.77709],[142.17896,-36.77758],[142.17653,-36.77916],[142.17561,-36.77988],[142.17516,-36.78034],[142.17459,-36.78114],[142.1742,-36.78218],[142.17408,-36.78332],[142.17406,-36.79943],[142.1739,-36.8092],[142.17366,-36.81012],[142.17303,-36.81122],[142.17143,-36.81301],[142.17097,-36.81384],[142.17067,-36.81496],[142.16872,-36.82605],[142.16839,-36.82712],[142.16789,-36.82807],[142.16633,-36.83056],[142.14617,-36.86254],[142.14219,-36.86923],[142.13698,-36.8782],[142.13503,-36.8831],[142.13484,-36.88373],[142.13479,-36.8843],[142.13487,-36.89731],[142.13495,-36.89801],[142.1357,-36.90011],[142.13967,-36.9099],[142.13988,-36.91096],[142.1398,-36.93693],[142.1399,-36.93775],[142.14017,-36.93862],[142.14158,-36.94144],[142.15082,-36.95891],[142.1516,-36.9601],[142.15196,-36.96049],[142.15295,-36.96128],[142.15403,-36.96187],[142.15622,-36.9626],[142.16909,-36.96632],[142.17085,-36.96686],[142.1718,-36.96728],[142.17753,-36.97131],[142.17819,-36.97188],[142.1787,-36.97248],[142.17913,-36.97315],[142.19197,-36.99868],[142.19262,-36.99945],[142.20422,-37.01055],[142.20521,-37.01166],[142.20555,-37.01222],[142.20603,-37.0134],[142.20613,-37.0145],[142.20622,-37.01933],[142.20615,-37.02068],[142.20567,-37.02199],[142.20515,-37.0228],[142.20425,-37.02373],[142.1981,-37.02785],[142.19733,-37.02856],[142.19679,-37.02928],[142.19636,-37.03012],[142.19617,-37.03074],[142.19396,-37.04446],[142.19285,-37.04992],[142.19289,-37.05083],[142.19423,-37.05624],[142.19435,-37.05701],[142.19428,-37.058],[142.19413,-37.05863],[142.19385,-37.05931],[142.18812,-37.07181],[142.18782,-37.07261],[142.18773,-37.07321],[142.18775,-37.07406],[142.18929,-37.08791],[142.1892,-37.08917],[142.18883,-37.0918],[142.18866,-37.09261],[142.1881,-37.09443],[142.18635,-37.10739],[142.18613,-37.10822],[142.1857,-37.10921],[142.18557,-37.10969],[142.18572,-37.11073]],[[142.18617,-37.11143],[142.18573,-37.11074]],[[142.18668,-37.11198],[142.18649,-37.11179]],[[142.22329,-36.69709],[142.22381,-36.69665],[142.22455,-36.69581],[142.22848,-36.69055],[142.2293,-36.68915],[142.24826,-36.66426],[142.24923,-36.66348],[142.25048,-36.66287],[142.25389,-36.66189],[142.25471,-36.66147],[142.25578,-36.66054],[142.25674,-36.65884],[142.25889,-36.65441],[142.25929,-36.65303],[142.25941,-36.65215],[142.25932,-36.63981],[142.25937,-36.63899],[142.26055,-36.63566],[142.26073,-36.63484],[142.26692,-36.6202],[142.2682,-36.61813],[142.27494,-36.60211],[142.27695,-36.59661],[142.28657,-36.57384],[142.30919,-36.54026],[142.3256,-36.52322],[142.33735,-36.51124],[142.35571,-36.49226],[142.35673,-36.49103],[142.35896,-36.48713],[142.37984,-36.44931]]]}},{"type":"Feature","properties":{"name":"Curtis Rd","surface":"sealed","hierarchy":"Access","length_m":4440},"geometry":{"type":"LineString","coordinates":[[142.13873,-36.8772],[142.13872,-36.87748],[142.1389,-36.87765],[142.14172,-36.87893],[142.15259,-36.88563],[142.15816,-36.8889],[142.16325,-36.89218],[142.17316,-36.89806],[142.17801,-36.9013],[142.18472,-36.9054]]}},{"type":"Feature","properties":{"name":"Mt Talbot Rd","surface":"sealed","hierarchy":"Access","length_m":692},"geometry":{"type":"MultiLineString","coordinates":[[[142.05555,-36.99845],[142.05536,-36.99925],[142.05541,-36.99947],[142.05507,-37.0014]],[[142.05507,-37.0014],[142.05457,-37.00466]]]}},{"type":"Feature","properties":{"name":"Laharum Rd","surface":"sealed","hierarchy":"Collector","length_m":22750},"geometry":{"type":"MultiLineString","coordinates":[[[142.23021,-36.87382],[142.23017,-36.87811]],[[142.23064,-36.76422],[142.23021,-36.87382]],[[142.23021,-36.87382],[142.23043,-36.87454],[142.23098,-36.8756],[142.23174,-36.87647],[142.2326,-36.87716],[142.23364,-36.87767],[142.23508,-36.87809],[142.23784,-36.87823],[142.27149,-36.8783],[142.2741,-36.87799],[142.29382,-36.87805],[142.2968,-36.87797],[142.31457,-36.87551],[142.31542,-36.87545],[142.31647,-36.87556]]]}},{"type":"Feature","properties":{"name":"Hammond McCuish Rd","surface":"sealed","hierarchy":"Access","length_m":5680},"geometry":{"type":"MultiLineString","coordinates":[[[141.90176,-36.78619],[141.91503,-36.79435]],[[141.91503,-36.79435],[141.91787,-36.79609],[141.91848,-36.79634],[141.91923,-36.79693],[141.92837,-36.80468]],[[141.92837,-36.80468],[141.92938,-36.80554]],[[141.92938,-36.80554],[141.93015,-36.8062]],[[141.93015,-36.8062],[141.93404,-36.80952]],[[141.93404,-36.80952],[141.94441,-36.8184]],[[141.94441,-36.8184],[141.94969,-36.82274]],[[141.94969,-36.82274],[141.95205,-36.82458]],[[141.95205,-36.82458],[141.95381,-36.82609],[141.95817,-36.83124]]]}},{"type":"Feature","properties":{"name":"Polkemmet Rd","surface":"sealed","hierarchy":"Link","length_m":25840},"geometry":{"type":"LineString","coordinates":[[142.15724,-36.67416],[142.1434,-36.67267],[142.14174,-36.67219],[142.11688,-36.66378],[142.11462,-36.66302],[142.11373,-36.6628],[142.05733,-36.65884],[142.05474,-36.65798],[142.05359,-36.65776],[142.04875,-36.65753],[142.0447,-36.65718],[142.03542,-36.65657],[142.03187,-36.65687],[142.00434,-36.65516],[141.99514,-36.6551],[141.99424,-36.65496],[141.99069,-36.65379],[141.98201,-36.65261],[141.98148,-36.65264],[141.98034,-36.65293],[141.97802,-36.65393],[141.97748,-36.65424],[141.97429,-36.65638],[141.95858,-36.66564],[141.95805,-36.66603],[141.95763,-36.66651],[141.95747,-36.66677],[141.95724,-36.66761],[141.95723,-36.67692],[141.95728,-36.67762],[141.95951,-36.68523],[141.96053,-36.68916],[141.96383,-36.69968],[141.96391,-36.70045],[141.96323,-36.70312],[141.96331,-36.70404],[141.96346,-36.70448],[141.96385,-36.7051],[141.96508,-36.70634],[141.96568,-36.70713],[141.96595,-36.70781],[141.9681,-36.71547],[141.97046,-36.72928]]}},{"type":"Feature","properties":{"name":"Mc Pherson St","surface":"sealed","hierarchy":"Access","length_m":1878},"geometry":{"type":"MultiLineString","coordinates":[[[142.20488,-36.70778],[142.20497,-36.71878]],[[142.20497,-36.71878],[142.20495,-36.72304]],[[142.20497,-36.71878],[142.20515,-36.71878],[142.20518,-36.71955]]]}},{"type":"Feature","properties":{"name":"Bowden St","surface":"sealed","hierarchy":"Access","length_m":351},"geometry":{"type":"LineString","coordinates":[[142.20054,-36.7107],[142.20105,-36.71059],[142.20489,-36.71056]]}},{"type":"Feature","properties":{"name":"Arnold St","surface":"sealed","hierarchy":"Access","length_m":302},"geometry":{"type":"LineString","coordinates":[[142.1871,-36.70572],[142.18831,-36.7063],[142.19014,-36.70698]]}},{"type":"Feature","properties":{"name":"Lawrence St","surface":"sealed","hierarchy":"Access","length_m":171},"geometry":{"type":"LineString","coordinates":[[142.21438,-36.70753],[142.21646,-36.70752]]}},{"type":"Feature","properties":{"name":"Culliver St","surface":"sealed","hierarchy":"Access","length_m":414},"geometry":{"type":"LineString","coordinates":[[142.21647,-36.70647],[142.21514,-36.70646],[142.21468,-36.70681],[142.21411,-36.70801],[142.21417,-36.70813],[142.21415,-36.70988]]}},{"type":"Feature","properties":{"name":"Mitre Road","surface":"sealed","hierarchy":"Sub-arterial","length_m":0},"geometry":{"type":"MultiLineString","coordinates":[[[141.73664,-36.67898],[141.7367,-36.67905]],[[141.73671,-36.67907],[141.73847,-36.68113]]]}},{"type":"Feature","properties":{"name":"Birch Ave","surface":"sealed","hierarchy":"Access","length_m":286},"geometry":{"type":"LineString","coordinates":[[142.19204,-36.70974],[142.19216,-36.70989],[142.19332,-36.71045],[142.19333,-36.71175]]}},{"type":"Feature","properties":{"name":"Lewis St","surface":"sealed","hierarchy":"Access","length_m":177},"geometry":{"type":"LineString","coordinates":[[142.21188,-36.70801],[142.21411,-36.70801]]}},{"type":"Feature","properties":{"name":"Bennett Rd","surface":"sealed","hierarchy":"Collector","length_m":1412},"geometry":{"type":"LineString","coordinates":[[142.18784,-36.71189],[142.18747,-36.71219],[142.18728,-36.71259],[142.18726,-36.72537]]}},{"type":"Feature","properties":{"name":"Gardenia St","surface":"sealed","hierarchy":"Access","length_m":730},"geometry":{"type":"LineString","coordinates":[[142.1929,-36.71666],[142.19293,-36.7234]]}},{"type":"Feature","properties":{"name":"Bolton St","surface":"sealed","hierarchy":"Access","length_m":194},"geometry":{"type":"LineString","coordinates":[[142.20238,-36.72085],[142.20499,-36.72085]]}},{"type":"Feature","properties":{"name":"Urquhart St","surface":"sealed","hierarchy":"Access","length_m":947},"geometry":{"type":"LineString","coordinates":[[142.20234,-36.70771],[142.20226,-36.71057],[142.20238,-36.72085]]}},{"type":"Feature","properties":{"name":"Wilmoth Ave","surface":"sealed","hierarchy":"Access","length_m":411},"geometry":{"type":"LineString","coordinates":[[142.18268,-36.72138],[142.18354,-36.7214],[142.18615,-36.72042],[142.18786,-36.72046],[142.18786,-36.72058]]}},{"type":"Feature","properties":{"name":"Wattle St","surface":"sealed","hierarchy":"Access","length_m":202},"geometry":{"type":"LineString","coordinates":[[142.19046,-36.72062],[142.19291,-36.72061]]}},{"type":"Feature","properties":{"name":"Selkirk Dr","surface":"sealed","hierarchy":"Access","length_m":491},"geometry":{"type":"LineString","coordinates":[[142.19715,-36.71876],[142.19504,-36.71878],[142.19466,-36.71891],[142.19451,-36.71921],[142.19447,-36.71992],[142.194,-36.72076],[142.194,-36.72116]]}},{"type":"Feature","properties":{"name":"Federation Ave","surface":"sealed","hierarchy":"Access","length_m":837},"geometry":{"type":"LineString","coordinates":[[142.17414,-36.72518],[142.17512,-36.7248],[142.17704,-36.7238],[142.18266,-36.72171]]}},{"type":"Feature","properties":{"name":"Wotonga Dr","surface":"sealed","hierarchy":"Access","length_m":499},"geometry":{"type":"LineString","coordinates":[[142.19292,-36.72116],[142.19439,-36.72121],[142.19477,-36.72143],[142.195,-36.72177],[142.19503,-36.7244]]}},{"type":"Feature","properties":{"name":"Jackson St","surface":"sealed","hierarchy":"Access","length_m":510},"geometry":{"type":"LineString","coordinates":[[142.18939,-36.72008],[142.18949,-36.72023],[142.18949,-36.72481]]}},{"type":"Feature","properties":{"name":"Albert St","surface":"sealed","hierarchy":"Collector","length_m":1074},"geometry":{"type":"LineString","coordinates":[[142.2057,-36.69694],[142.20569,-36.69848],[142.20502,-36.70029],[142.20511,-36.70659]]}},{"type":"Feature","properties":{"name":"Clark St","surface":"sealed","hierarchy":"Access","length_m":449},"geometry":{"type":"LineString","coordinates":[[142.20363,-36.71781],[142.20366,-36.72195]]}},{"type":"Feature","properties":{"name":"Turnbull Dr","surface":"sealed","hierarchy":"Access","length_m":345},"geometry":{"type":"LineString","coordinates":[[142.19427,-36.73819],[142.1949,-36.73906],[142.19558,-36.73974],[142.19582,-36.74009],[142.19593,-36.74057],[142.19592,-36.74088]]}},{"type":"Feature","properties":{"name":"Worthys Rd","surface":"sealed","hierarchy":"Access","length_m":2000},"geometry":{"type":"MultiLineString","coordinates":[[[141.76602,-36.77173],[141.76621,-36.77231],[141.76621,-36.77258],[141.76506,-36.77888],[141.76446,-36.78304],[141.7646,-36.78352]],[[141.7646,-36.78352],[141.76856,-36.78688]],[[141.76856,-36.78688],[141.76951,-36.78767],[141.76995,-36.78788]],[[141.76995,-36.78788],[141.77125,-36.78802]]]}},{"type":"Feature","properties":{"name":"Wyn Wyn Rd","surface":"sealed","hierarchy":"Access","length_m":7088},"geometry":{"type":"MultiLineString","coordinates":[[[141.89055,-36.63502],[141.89052,-36.63691],[141.89045,-36.63712],[141.89055,-36.6425],[141.89041,-36.64386],[141.89055,-36.64883],[141.89037,-36.64912],[141.88972,-36.64944]],[[141.88972,-36.64944],[141.88961,-36.6495]],[[141.88961,-36.6495],[141.88765,-36.64935],[141.88706,-36.64952],[141.88697,-36.64967],[141.88611,-36.65491]],[[141.88611,-36.65491],[141.88589,-36.65623]],[[141.88589,-36.65623],[141.8858,-36.65677]],[[141.8858,-36.65677],[141.88493,-36.66206]],[[141.88493,-36.66206],[141.88476,-36.66307]],[[141.88476,-36.66307],[141.88368,-36.66974]],[[141.88368,-36.66974],[141.88347,-36.67295],[141.8835,-36.67338]],[[141.8835,-36.67338],[141.88398,-36.67604],[141.88418,-36.67759],[141.88646,-36.67761],[141.88813,-36.67787],[141.89008,-36.67761],[141.898,-36.6776],[141.90096,-36.67838]],[[141.90096,-36.67838],[141.90175,-36.6786],[141.90504,-36.67902]]]}},{"type":"Feature","properties":{"name":"Murray St","surface":"sealed","hierarchy":"Access","length_m":449},"geometry":{"type":"LineString","coordinates":[[142.18431,-36.70565],[142.1852,-36.70608],[142.18496,-36.70882],[142.18521,-36.70934]]}},{"type":"Feature","properties":{"name":"Colin St","surface":"sealed","hierarchy":"Access","length_m":201},"geometry":{"type":"LineString","coordinates":[[142.18414,-36.70746],[142.18661,-36.7076]]}},{"type":"Feature","properties":{"name":"Jenkinson Ave","surface":"sealed","hierarchy":"Access","length_m":508},"geometry":{"type":"LineString","coordinates":[[142.18438,-36.70486],[142.18393,-36.70973]]}},{"type":"Feature","properties":{"name":"Derimal St","surface":"sealed","hierarchy":"Access","length_m":538},"geometry":{"type":"LineString","coordinates":[[142.17631,-36.72138],[142.18184,-36.71933]]}},{"type":"Feature","properties":{"name":"Baillie St","surface":"sealed","hierarchy":"Collector","length_m":2792},"geometry":{"type":"MultiLineString","coordinates":[[[142.18107,-36.71195],[142.1819,-36.71176]],[[142.1819,-36.71176],[142.18221,-36.71176]],[[142.18221,-36.71176],[142.18518,-36.71176]],[[142.18518,-36.71176],[142.1864,-36.71176]],[[142.1864,-36.71176],[142.18753,-36.71177],[142.18781,-36.71187]],[[142.18781,-36.71187],[142.18826,-36.71176]],[[142.18826,-36.71176],[142.1907,-36.71176]],[[142.1907,-36.71176],[142.19128,-36.71175]],[[142.19128,-36.71175],[142.19154,-36.71175]],[[142.19154,-36.71175],[142.19218,-36.71175]],[[142.19218,-36.71175],[142.19239,-36.71175]],[[142.19961,-36.71176],[142.20061,-36.71176]],[[142.20061,-36.71176],[142.20136,-36.71175]],[[142.20136,-36.71175],[142.20178,-36.71175]],[[142.20178,-36.71175],[142.20316,-36.71175]],[[142.20316,-36.71175],[142.20358,-36.71175]],[[142.20358,-36.71175],[142.20423,-36.71176]],[[142.20423,-36.71176],[142.20538,-36.71171],[142.20557,-36.71159],[142.20586,-36.7117],[142.20642,-36.71169]],[[142.20642,-36.71169],[142.2066,-36.71169]],[[142.2066,-36.71169],[142.20771,-36.71169]],[[142.20771,-36.71169],[142.20814,-36.71169]],[[142.20814,-36.71169],[142.20905,-36.71168]],[[142.20905,-36.71168],[142.20947,-36.71168]],[[142.20947,-36.71168],[142.21015,-36.71168]],[[142.21015,-36.71168],[142.21066,-36.71168]],[[142.21066,-36.71168],[142.21082,-36.71168]],[[142.21082,-36.71168],[142.21096,-36.71168]],[[142.21096,-36.71168],[142.21433,-36.71167]],[[142.21433,-36.71167],[142.21458,-36.71167]],[[142.21458,-36.71167],[142.21569,-36.71167]],[[142.21569,-36.71167],[142.21594,-36.71167]],[[142.21594,-36.71167],[142.21636,-36.71172],[142.21661,-36.71166]],[[142.21661,-36.71166],[142.21773,-36.71167]]]}},{"type":"Feature","properties":{"name":"Begg St","surface":"sealed","hierarchy":"Access","length_m":335},"geometry":{"type":"LineString","coordinates":[[142.19094,-36.70864],[142.19094,-36.71176]]}},{"type":"Feature","properties":{"name":"James St","surface":"sealed","hierarchy":"Access","length_m":272},"geometry":{"type":"LineString","coordinates":[[142.18954,-36.70906],[142.18955,-36.71176]]}},{"type":"Feature","properties":{"name":"Rennison St","surface":"sealed","hierarchy":"Access","length_m":422},"geometry":{"type":"LineString","coordinates":[[142.21045,-36.71258],[142.21544,-36.71255]]}},{"type":"Feature","properties":{"name":"Ocallaghans Parade","surface":"sealed","hierarchy":"Local","length_m":0},"geometry":{"type":"LineString","coordinates":[[142.19989,-36.71869],[142.20495,-36.72304]]}},{"type":"Feature","properties":{"name":"Edith St","surface":"sealed","hierarchy":"Collector","length_m":786},"geometry":{"type":"LineString","coordinates":[[142.20509,-36.7044],[142.213,-36.70437],[142.21338,-36.70445],[142.21387,-36.70474]]}},{"type":"Feature","properties":{"name":"Shirley St","surface":"sealed","hierarchy":"Access","length_m":219},"geometry":{"type":"LineString","coordinates":[[142.21111,-36.7025],[142.2106,-36.70293],[142.21031,-36.70352],[142.21028,-36.70439]]}},{"type":"Feature","properties":{"name":"Robin St","surface":"sealed","hierarchy":"Access","length_m":162},"geometry":{"type":"LineString","coordinates":[[142.20306,-36.70423],[142.20509,-36.70422]]}},{"type":"Feature","properties":{"name":"Palm Avenue","surface":"sealed","hierarchy":"Local","length_m":0},"geometry":{"type":"LineString","coordinates":[[142.21126,-36.70597],[142.21198,-36.70554],[142.21577,-36.70251]]}},{"type":"Feature","properties":{"name":"Mary St","surface":"sealed","hierarchy":"Access","length_m":429},"geometry":{"type":"LineString","coordinates":[[142.20779,-36.70499],[142.21272,-36.70497]]}},{"type":"Feature","properties":{"name":"Errett St","surface":"sealed","hierarchy":"Access","length_m":418},"geometry":{"type":"LineString","coordinates":[[142.19214,-36.70264],[142.19217,-36.70657]]}},{"type":"Feature","properties":{"name":"Edward St","surface":"sealed","hierarchy":"Access","length_m":800},"geometry":{"type":"LineString","coordinates":[[142.18709,-36.70466],[142.19623,-36.70461]]}},{"type":"Feature","properties":{"name":"Kalimna Ave","surface":"sealed","hierarchy":"Access","length_m":556},"geometry":{"type":"LineString","coordinates":[[142.18277,-36.72044],[142.18251,-36.72327],[142.18321,-36.72399],[142.18344,-36.72542]]}},{"type":"Feature","properties":{"name":"Valentine Ave","surface":"sealed","hierarchy":"Access","length_m":290},"geometry":{"type":"LineString","coordinates":[[142.186,-36.72048],[142.186,-36.72444]]}},{"type":"Feature","properties":{"name":"Brierwood Crt","surface":"sealed","hierarchy":"Access","length_m":170},"geometry":{"type":"MultiLineString","coordinates":[[[142.19392,-36.72192],[142.19399,-36.72198]],[[142.19399,-36.72198],[142.19399,-36.72267]],[[142.19399,-36.72198],[142.195,-36.72197]]]}},{"type":"Feature","properties":{"name":"Rose St","surface":"sealed","hierarchy":"Collector","length_m":843},"geometry":{"type":"LineString","coordinates":[[142.19123,-36.71726],[142.19155,-36.7178],[142.19158,-36.72497]]}},{"type":"Feature","properties":{"name":"Barnes Blvd","surface":"sealed","hierarchy":"Collector","length_m":3078},"geometry":{"type":"MultiLineString","coordinates":[[[142.17126,-36.7248],[142.17178,-36.72563],[142.17096,-36.72596],[142.17053,-36.72643],[142.16977,-36.72702],[142.16969,-36.7275],[142.16967,-36.72973],[142.16982,-36.72982],[142.17114,-36.72969],[142.17424,-36.72964],[142.17492,-36.72946],[142.17693,-36.72818],[142.17809,-36.72776]],[[142.17812,-36.7276],[142.17875,-36.7276],[142.17935,-36.72749],[142.18249,-36.72668],[142.18329,-36.72625],[142.18494,-36.72582],[142.18706,-36.725],[142.18949,-36.72481],[142.19075,-36.72485],[142.19248,-36.72509],[142.19503,-36.7244]]]}},{"type":"Feature","properties":{"name":"Mintern Cres","surface":"sealed","hierarchy":"Access","length_m":593},"geometry":{"type":"LineString","coordinates":[[142.17342,-36.72397],[142.17441,-36.72571],[142.17444,-36.72653],[142.1742,-36.72696],[142.17183,-36.72794]]}},{"type":"Feature","properties":{"name":"Cecil St","surface":"sealed","hierarchy":"Access","length_m":470},"geometry":{"type":"LineString","coordinates":[[142.19079,-36.70264],[142.19083,-36.70659]]}},{"type":"Feature","properties":{"name":"Tucker St","surface":"sealed","hierarchy":"Access","length_m":584},"geometry":{"type":"LineString","coordinates":[[142.21475,-36.70567],[142.21014,-36.70948],[142.21012,-36.70976]]}},{"type":"Feature","properties":{"name":"Lake Rd","surface":"sealed","hierarchy":"Access","length_m":13042},"geometry":{"type":"LineString","coordinates":[[141.91969,-36.63789],[141.92012,-36.63793],[141.92034,-36.63811],[141.92028,-36.64012],[141.92032,-36.64653],[141.92048,-36.64729],[141.92089,-36.64795],[141.9214,-36.64838],[141.93108,-36.6538],[141.9315,-36.65409],[141.93198,-36.65467],[141.93221,-36.65517],[141.9323,-36.65603],[141.9323,-36.66529],[141.93208,-36.66719],[141.93208,-36.67379],[141.93213,-36.67675],[141.93229,-36.67806],[141.9323,-36.68672],[141.93258,-36.68742],[141.93309,-36.68802],[141.93377,-36.68845],[141.93458,-36.6887],[141.93636,-36.68875],[141.93745,-36.68891],[141.93809,-36.68919],[141.93984,-36.69008],[141.94049,-36.69049],[141.94188,-36.69202],[141.94227,-36.69254],[141.9436,-36.69515],[141.94426,-36.69759],[141.94438,-36.69859],[141.94453,-36.69903],[141.94658,-36.70217],[141.94694,-36.70284],[141.94724,-36.70363],[141.94754,-36.7063],[141.94689,-36.70988],[141.94652,-36.71069],[141.94617,-36.7112],[141.94264,-36.71502],[141.94243,-36.7157],[141.94252,-36.71622],[141.94298,-36.71686],[141.94393,-36.71775],[141.9443,-36.718],[141.95075,-36.72119],[141.9511,-36.72143],[141.95157,-36.72197],[141.95172,-36.72226],[141.95218,-36.7238],[141.95264,-36.72439],[141.954,-36.72548],[141.95432,-36.72592],[141.95451,-36.72658],[141.95445,-36.72724],[141.95415,-36.72784],[141.95365,-36.72833],[141.9506,-36.72994],[141.9475,-36.73177],[141.94676,-36.73238],[141.94649,-36.73291],[141.94468,-36.7397],[141.94474,-36.74015],[141.94492,-36.74047]]}},{"type":"Feature","properties":{"name":"Florence St","surface":"sealed","hierarchy":"Access","length_m":964},"geometry":{"type":"LineString","coordinates":[[142.18704,-36.697],[142.1871,-36.70572]]}},{"type":"Feature","properties":{"name":"Wawunna Rd","surface":"sealed","hierarchy":"Access","length_m":1410},"geometry":{"type":"MultiLineString","coordinates":[[[142.1962,-36.69698],[142.1962,-36.69763]],[[142.1962,-36.69763],[142.19621,-36.69851]],[[142.19621,-36.69851],[142.19621,-36.69883],[142.19641,-36.69901]],[[142.19641,-36.69901],[142.1963,-36.69925]],[[142.1963,-36.69925],[142.19626,-36.69938]],[[142.19621,-36.69998],[142.19621,-36.70039]],[[142.19622,-36.7005],[142.19622,-36.70174]],[[142.19622,-36.70174],[142.19622,-36.70242]],[[142.19622,-36.70242],[142.19623,-36.70436]],[[142.19623,-36.70436],[142.19624,-36.70628]],[[142.19624,-36.70628],[142.19625,-36.70716]],[[142.19625,-36.70776],[142.19625,-36.70793]],[[142.19625,-36.70793],[142.19626,-36.71039]]]}},{"type":"Feature","properties":{"name":"Olympic St","surface":"sealed","hierarchy":"Access","length_m":511},"geometry":{"type":"LineString","coordinates":[[142.18841,-36.72018],[142.18842,-36.72493]]}},{"type":"Feature","properties":{"name":"Laurel St","surface":"sealed","hierarchy":"Access","length_m":493},"geometry":{"type":"LineString","coordinates":[[142.18725,-36.72198],[142.19292,-36.72197]]}},{"type":"Feature","properties":{"name":"Darlot St","surface":"sealed","hierarchy":"Link","length_m":1236},"geometry":{"type":"LineString","coordinates":[[142.19711,-36.71183],[142.19715,-36.71876]]}},{"type":"Feature","properties":{"name":"Lynott St","surface":"sealed","hierarchy":"Arterial","length_m":989},"geometry":{"type":"LineString","coordinates":[[142.19624,-36.70535],[142.2051,-36.70531]]}},{"type":"Feature","properties":{"name":"Gertrude St","surface":"sealed","hierarchy":"Access","length_m":301},"geometry":{"type":"LineString","coordinates":[[142.20306,-36.70372],[142.20307,-36.70661]]}},{"type":"Feature","properties":{"name":"Francis St","surface":"sealed","hierarchy":"Access","length_m":649},"geometry":{"type":"LineString","coordinates":[[142.19784,-36.69936],[142.19784,-36.69994],[142.19757,-36.70072],[142.19759,-36.70534]]}},{"type":"Feature","properties":{"name":"Robinson St","surface":"sealed","hierarchy":"Access","length_m":848},"geometry":{"type":"LineString","coordinates":[[142.20737,-36.71169],[142.20738,-36.71938]]}},{"type":"Feature","properties":{"name":"Curran Rd","surface":"sealed","hierarchy":"Link","length_m":3180},"geometry":{"type":"MultiLineString","coordinates":[[[142.16713,-36.78216],[142.16728,-36.78926]],[[142.16874,-36.69705],[142.16876,-36.70073]],[[142.16876,-36.70073],[142.16884,-36.71114]],[[142.16884,-36.71114],[142.16884,-36.71161]],[[142.16884,-36.71161],[142.16885,-36.71359]],[[142.16885,-36.71359],[142.16896,-36.72698]]]}},{"type":"Feature","properties":{"name":"Lilac St","surface":"sealed","hierarchy":"Access","length_m":390},"geometry":{"type":"LineString","coordinates":[[142.18993,-36.71953],[142.19452,-36.71954]]}},{"type":"Feature","properties":{"name":"Kendal Dr","surface":"sealed","hierarchy":"Access","length_m":177},"geometry":{"type":"MultiLineString","coordinates":[[[142.2013,-36.73519],[142.20201,-36.7363],[142.20215,-36.73667]],[[142.19575,-36.73968],[142.19558,-36.73974]]]}},{"type":"Feature","properties":{"name":"Cathcart St","surface":"sealed","hierarchy":"Access","length_m":206},"geometry":{"type":"LineString","coordinates":[[142.21213,-36.70888],[142.21215,-36.71047],[142.21197,-36.71072]]}},{"type":"Feature","properties":{"name":"Oconnor Street","surface":"sealed","hierarchy":"Local","length_m":0},"geometry":{"type":"LineString","coordinates":[[142.18649,-36.70978],[142.18715,-36.70978],[142.19128,-36.70854],[142.19168,-36.70823]]}},{"type":"Feature","properties":{"name":"Landy St","surface":"sealed","hierarchy":"Access","length_m":680},"geometry":{"type":"LineString","coordinates":[[142.18725,-36.72341],[142.19502,-36.72339]]}},{"type":"Feature","properties":{"name":"Vermont St","surface":"sealed","hierarchy":"Access","length_m":162},"geometry":{"type":"LineString","coordinates":[[142.1883,-36.70465],[142.18831,-36.7063]]}},{"type":"Feature","properties":{"name":"Hazel St","surface":"sealed","hierarchy":"Collector","length_m":600},"geometry":{"type":"LineString","coordinates":[[142.18984,-36.70739],[142.19014,-36.70698],[142.19059,-36.70664],[142.19083,-36.70659],[142.19624,-36.70663]]}},{"type":"Feature","properties":{"name":"Stewart St","surface":"sealed","hierarchy":"Access","length_m":420},"geometry":{"type":"LineString","coordinates":[[142.1935,-36.70263],[142.19352,-36.70658]]}},{"type":"Feature","properties":{"name":"Ivy St","surface":"sealed","hierarchy":"Access","length_m":300},"geometry":{"type":"LineString","coordinates":[[142.18725,-36.72018],[142.18912,-36.72018],[142.1898,-36.71991]]}},{"type":"Feature","properties":{"name":"Bleakley St","surface":"sealed","hierarchy":"Access","length_m":512},"geometry":{"type":"LineString","coordinates":[[142.20386,-36.69696],[142.20253,-36.70059],[142.20111,-36.70061]]}},{"type":"Feature","properties":{"name":"Bracken St","surface":"sealed","hierarchy":"Access","length_m":242},"geometry":{"type":"LineString","coordinates":[[142.20111,-36.73797],[142.20176,-36.7393],[142.20177,-36.74012]]}},{"type":"Feature","properties":{"name":"De Castella Dr","surface":"sealed","hierarchy":"Access","length_m":535},"geometry":{"type":"LineString","coordinates":[[142.18959,-36.69842],[142.1888,-36.69841],[142.18881,-36.70034],[142.18888,-36.7008],[142.18925,-36.70139],[142.18925,-36.70265]]}},{"type":"Feature","properties":{"name":"Felstead Ave","surface":"sealed","hierarchy":"Access","length_m":347},"geometry":{"type":"LineString","coordinates":[[142.20881,-36.70117],[142.20888,-36.70297],[142.20914,-36.70325],[142.2094,-36.70336],[142.21031,-36.70352]]}},{"type":"Feature","properties":{"name":"Forsyth Ave","surface":"sealed","hierarchy":"Access","length_m":462},"geometry":{"type":"LineString","coordinates":[[142.20882,-36.70152],[142.20992,-36.70155],[142.21016,-36.70163],[142.21047,-36.70184],[142.21173,-36.70312],[142.2122,-36.70338],[142.213,-36.70344]]}},{"type":"Feature","properties":{"name":"Obrees Road","surface":"sealed","hierarchy":"Sub-arterial","length_m":0},"geometry":{"type":"LineString","coordinates":[[141.97385,-36.69773],[142.16918,-36.69705]]}},{"type":"Feature","properties":{"name":"Gerlach St","surface":"sealed","hierarchy":"Access","length_m":167},"geometry":{"type":"LineString","coordinates":[[142.20569,-36.69848],[142.20762,-36.69847]]}},{"type":"Feature","properties":{"name":"Pearl St","surface":"sealed","hierarchy":"Access","length_m":406},"geometry":{"type":"MultiLineString","coordinates":[[[142.18355,-36.71756],[142.18381,-36.71745],[142.18428,-36.71744],[142.18726,-36.71745]],[[142.18355,-36.71756],[142.18351,-36.71768],[142.18339,-36.71774],[142.18325,-36.71769],[142.18324,-36.71756],[142.18335,-36.71749],[142.18355,-36.71756]]]}},{"type":"Feature","properties":{"name":"Churchill Rd","surface":"sealed","hierarchy":"Access","length_m":913},"geometry":{"type":"LineString","coordinates":[[142.18259,-36.71176],[142.18272,-36.71288],[142.18331,-36.71417],[142.1835,-36.71494],[142.18415,-36.71571],[142.18428,-36.71605],[142.1843,-36.71784],[142.18522,-36.71951]]}},{"type":"Feature","properties":{"name":"Natimuk Road","surface":"sealed","hierarchy":"Highway","length_m":0},"geometry":{"type":"MultiLineString","coordinates":[[[142.16476,-36.72662],[142.16896,-36.72567],[142.17788,-36.72224],[142.1929,-36.71666]],[[142.17662,-36.72236],[142.18726,-36.71844]]]}},{"type":"Feature","properties":{"name":"Delta St","surface":"sealed","hierarchy":"Access","length_m":102},"geometry":{"type":"LineString","coordinates":[[142.2018,-36.69871],[142.20323,-36.69869]]}},{"type":"Feature","properties":{"name":"Jones St","surface":"sealed","hierarchy":"Access","length_m":193},"geometry":{"type":"LineString","coordinates":[[142.20319,-36.6988],[142.2046,-36.69878],[142.20551,-36.69894]]}},{"type":"Feature","properties":{"name":"Roberts Ave","surface":"sealed","hierarchy":"Access","length_m":623},"geometry":{"type":"LineString","coordinates":[[142.19713,-36.71428],[142.20494,-36.71425]]}},{"type":"Feature","properties":{"name":"Carr St","surface":"sealed","hierarchy":"Access","length_m":223},"geometry":{"type":"LineString","coordinates":[[142.21361,-36.71256],[142.21363,-36.71468]]}},{"type":"Feature","properties":{"name":"Gillespie St","surface":"sealed","hierarchy":"Access","length_m":354},"geometry":{"type":"LineString","coordinates":[[142.21002,-36.71471],[142.2138,-36.71468],[142.21406,-36.71482]]}},{"type":"Feature","properties":{"name":"Philip St","surface":"sealed","hierarchy":"Access","length_m":365},"geometry":{"type":"LineString","coordinates":[[142.18185,-36.71708],[142.18288,-36.71889],[142.18452,-36.7183]]}},{"type":"Feature","properties":{"name":"Hayes Dr","surface":"sealed","hierarchy":"Access","length_m":550},"geometry":{"type":"LineString","coordinates":[[142.1722,-36.72968],[142.1722,-36.72925],[142.17245,-36.72873],[142.17269,-36.72856],[142.17517,-36.72762],[142.17587,-36.72754],[142.1764,-36.72772],[142.17693,-36.72818]]}},{"type":"Feature","properties":{"name":"Colla Crt","surface":"sealed","hierarchy":"Access","length_m":192},"geometry":{"type":"LineString","coordinates":[[142.20792,-36.72719],[142.20793,-36.72899]]}},{"type":"Feature","properties":{"name":"Bowen St","surface":"sealed","hierarchy":"Access","length_m":194},"geometry":{"type":"LineString","coordinates":[[142.20493,-36.71489],[142.20736,-36.71487]]}},{"type":"Feature","properties":{"name":"West Wail Rd","surface":"sealed","hierarchy":"Access","length_m":10131},"geometry":{"type":"MultiLineString","coordinates":[[[142.01447,-36.57585],[142.0182,-36.57499]],[[142.0182,-36.57499],[142.0228,-36.57392]],[[142.0228,-36.57392],[142.02517,-36.5732],[142.02983,-36.57201],[142.03057,-36.57188],[142.03341,-36.57188]],[[142.03341,-36.57188],[142.03494,-36.57202],[142.03888,-36.57207]],[[142.03888,-36.57207],[142.04088,-36.5721],[142.04162,-36.57229],[142.04471,-36.57377],[142.04557,-36.57444],[142.0478,-36.5765],[142.04849,-36.57668],[142.04966,-36.57668]],[[142.04966,-36.57668],[142.05024,-36.57668]],[[142.05024,-36.57668],[142.06677,-36.57664]],[[142.06677,-36.57664],[142.07376,-36.57662]],[[142.07376,-36.57662],[142.08202,-36.57661]],[[142.08202,-36.57661],[142.08436,-36.5766]],[[142.08436,-36.5766],[142.08917,-36.5766]],[[142.08917,-36.5766],[142.09811,-36.57662]],[[142.09811,-36.57662],[142.1002,-36.57664],[142.10101,-36.57687],[142.1019,-36.57742],[142.10242,-36.57809],[142.10257,-36.57863]],[[142.10257,-36.57863],[142.10267,-36.57896],[142.10264,-36.58033],[142.10285,-36.58106]],[[142.10285,-36.58106],[142.10352,-36.58196],[142.10394,-36.58225],[142.10465,-36.58249]],[[142.10465,-36.58249],[142.10535,-36.58266],[142.10686,-36.58266]],[[142.10686,-36.58266],[142.10726,-36.58265]]]}},{"type":"Feature","properties":{"name":"Paterson St","surface":"sealed","hierarchy":"Access","length_m":206},"geometry":{"type":"LineString","coordinates":[[142.19631,-36.69924],[142.19676,-36.69935],[142.19891,-36.69936]]}},{"type":"Feature","properties":{"name":"Geodetic Rd","surface":"sealed","hierarchy":"Access","length_m":4840},"geometry":{"type":"MultiLineString","coordinates":[[[142.16454,-36.46959],[142.16454,-36.46995]],[[142.16454,-36.46995],[142.16454,-36.47011]],[[142.16454,-36.47011],[142.16454,-36.47198]],[[142.16454,-36.47198],[142.16455,-36.47279]],[[142.16455,-36.47279],[142.16455,-36.47348]],[[142.16455,-36.47348],[142.16456,-36.47631]],[[142.16456,-36.47631],[142.16456,-36.47655]],[[142.16456,-36.47655],[142.16457,-36.47736]],[[142.16457,-36.47736],[142.16462,-36.48187]],[[142.16462,-36.48188],[142.16503,-36.48301]],[[142.16503,-36.48301],[142.16511,-36.48324]],[[142.16511,-36.48324],[142.16715,-36.48896]],[[142.16715,-36.48896],[142.1683,-36.49229]],[[142.1683,-36.49229],[142.16833,-36.49239]],[[142.16593,-36.45915],[142.16593,-36.46027]],[[142.16593,-36.46027],[142.16594,-36.46233]],[[142.16594,-36.46233],[142.16594,-36.46266]],[[142.16831,-36.539],[142.16831,-36.53924]],[[142.16831,-36.53924],[142.16835,-36.55083]],[[142.16835,-36.55083],[142.16835,-36.55127]]]}},{"type":"Feature","properties":{"name":"Mc Intyre St","surface":"sealed","hierarchy":"Access","length_m":372},"geometry":{"type":"LineString","coordinates":[[142.18032,-36.71666],[142.18125,-36.71631],[142.18158,-36.7161],[142.1821,-36.71498],[142.18236,-36.71477],[142.18275,-36.71461],[142.18338,-36.71454]]}},{"type":"Feature","properties":{"name":"Vine Avenue","surface":"sealed","hierarchy":"Local","length_m":0},"geometry":{"type":"MultiLineString","coordinates":[[[142.2102,-36.73451],[142.2103,-36.73464],[142.21027,-36.73556],[142.21015,-36.73573]],[[142.21025,-36.72612],[142.21023,-36.733]]]}},{"type":"Feature","properties":{"name":"Vectis Station Rd","surface":"sealed","hierarchy":"Access","length_m":1370},"geometry":{"type":"LineString","coordinates":[[142.0627,-36.65923],[142.06281,-36.67157]]}},{"type":"Feature","properties":{"name":"Crump St","surface":"sealed","hierarchy":"Access","length_m":196},"geometry":{"type":"LineString","coordinates":[[142.20264,-36.70031],[142.20502,-36.70029]]}},{"type":"Feature","properties":{"name":"Creek Cres","surface":"sealed","hierarchy":"Access","length_m":233},"geometry":{"type":"LineString","coordinates":[[142.21047,-36.70184],[142.21106,-36.70154],[142.21303,-36.70155]]}},{"type":"Feature","properties":{"name":"Bowler St","surface":"sealed","hierarchy":"Access","length_m":77},"geometry":{"type":"LineString","coordinates":[[142.2078,-36.70204],[142.20882,-36.70203]]}},{"type":"Feature","properties":{"name":"Fraser Dr","surface":"sealed","hierarchy":"Access","length_m":294},"geometry":{"type":"LineString","coordinates":[[142.19252,-36.69998],[142.19251,-36.70037],[142.19225,-36.70113],[142.19221,-36.70158],[142.19237,-36.70218],[142.19238,-36.70264]]}},{"type":"Feature","properties":{"name":"Hutchesson St","surface":"sealed","hierarchy":"Access","length_m":240},"geometry":{"type":"LineString","coordinates":[[142.20504,-36.70252],[142.2078,-36.70252]]}},{"type":"Feature","properties":{"name":"Wavell St","surface":"sealed","hierarchy":"Collector","length_m":1222},"geometry":{"type":"LineString","coordinates":[[142.18708,-36.70265],[142.20091,-36.7026]]}},{"type":"Feature","properties":{"name":"Frederick St","surface":"sealed","hierarchy":"Access","length_m":645},"geometry":{"type":"LineString","coordinates":[[142.19487,-36.70062],[142.19489,-36.70661]]}},{"type":"Feature","properties":{"name":"Elizabeth St","surface":"sealed","hierarchy":"Access","length_m":486},"geometry":{"type":"LineString","coordinates":[[142.18185,-36.71708],[142.18332,-36.71659],[142.18428,-36.71651],[142.18603,-36.71651],[142.18603,-36.71744]]}},{"type":"Feature","properties":{"name":"Gleed St","surface":"sealed","hierarchy":"Access","length_m":253},"geometry":{"type":"LineString","coordinates":[[142.194,-36.71373],[142.19712,-36.71371]]}},{"type":"Feature","properties":{"name":"Wallis St","surface":"sealed","hierarchy":"Access","length_m":210},"geometry":{"type":"LineString","coordinates":[[142.19569,-36.71174],[142.1957,-36.71372]]}},{"type":"Feature","properties":{"name":"Old Noradjuha Rd","surface":"sealed","hierarchy":"Access","length_m":553},"geometry":{"type":"MultiLineString","coordinates":[[[141.95092,-36.73778],[141.95101,-36.73815]],[[141.95101,-36.73815],[141.95101,-36.73887]],[[141.95101,-36.73887],[141.95104,-36.74157]],[[141.95104,-36.74157],[141.95105,-36.74275]]]}},{"type":"Feature","properties":{"name":"Blakes Rd","surface":"sealed","hierarchy":"Access","length_m":30},"geometry":{"type":"LineString","coordinates":[[141.77076,-36.84774],[141.77151,-36.84781]]}},{"type":"Feature","properties":{"name":"Browns Rd","surface":"sealed","hierarchy":"Access","length_m":1080},"geometry":{"type":"LineString","coordinates":[[142.27709,-36.70909],[142.25484,-36.70906]]}},{"type":"Feature","properties":{"name":"High Street S","surface":"sealed","hierarchy":"Local","length_m":0},"geometry":{"type":"LineString","coordinates":[[142.18649,-36.70944],[142.18649,-36.71176]]}},{"type":"Feature","properties":{"name":"Macdonald Crt","surface":"sealed","hierarchy":"Access","length_m":66},"geometry":{"type":"LineString","coordinates":[[142.18252,-36.71601],[142.1818,-36.71573]]}},{"type":"Feature","properties":{"name":"Anderson St","surface":"sealed","hierarchy":"Access","length_m":526},"geometry":{"type":"LineString","coordinates":[[142.2051,-36.706],[142.21126,-36.70597]]}},{"type":"Feature","properties":{"name":"Winifred St","surface":"sealed","hierarchy":"Access","length_m":497},"geometry":{"type":"LineString","coordinates":[[142.2078,-36.70144],[142.2078,-36.70599]]}},{"type":"Feature","properties":{"name":"Carroll St","surface":"sealed","hierarchy":"Access","length_m":255},"geometry":{"type":"LineString","coordinates":[[142.21165,-36.7066],[142.21216,-36.707],[142.21312,-36.707],[142.21348,-36.70727],[142.21344,-36.70801]]}},{"type":"Feature","properties":{"name":"Fechler Ave","surface":"sealed","hierarchy":"Access","length_m":257},"geometry":{"type":"LineString","coordinates":[[142.18321,-36.72399],[142.186,-36.72294]]}},{"type":"Feature","properties":{"name":"Hamilton St","surface":"sealed","hierarchy":"Collector","length_m":1093},"geometry":{"type":"LineString","coordinates":[[142.19715,-36.71783],[142.20987,-36.71777]]}},{"type":"Feature","properties":{"name":"Wilson Street","surface":"sealed","hierarchy":"Highway","length_m":0},"geometry":{"type":"LineString","coordinates":[[142.1929,-36.71666],[142.20494,-36.71662]]}},{"type":"Feature","properties":{"name":"Madden St","surface":"sealed","hierarchy":"Access","length_m":279},"geometry":{"type":"LineString","coordinates":[[142.19821,-36.71783],[142.19821,-36.71847],[142.19853,-36.71903],[142.1985,-36.72054]]}},{"type":"Feature","properties":{"name":"Old Minyip Rd","surface":"sealed","hierarchy":"Access","length_m":4880},"geometry":{"type":"MultiLineString","coordinates":[[[142.22508,-36.47],[142.2407,-36.47001]],[[142.2407,-36.47001],[142.2441,-36.47001]],[[142.2441,-36.47001],[142.2621,-36.47012]],[[142.2621,-36.47012],[142.26368,-36.47013]]]}},{"type":"Feature","properties":{"name":"Mill Street","surface":"sealed","hierarchy":"Local","length_m":0},"geometry":{"type":"MultiLineString","coordinates":[[[142.19624,-36.70663],[142.20064,-36.70662]],[[142.20064,-36.70662],[142.2009,-36.70658],[142.20122,-36.7064]],[[142.20064,-36.70662],[142.20082,-36.70655],[142.20108,-36.70623]],[[142.20173,-36.70681],[142.20064,-36.70662]],[[142.20186,-36.70662],[142.20511,-36.70659]]]}},{"type":"Feature","properties":{"name":"Golf Course Rd","surface":"sealed","hierarchy":"Link","length_m":3535},"geometry":{"type":"LineString","coordinates":[[142.17532,-36.75286],[142.17818,-36.749],[142.18086,-36.74521],[142.18176,-36.74433],[142.18539,-36.74141],[142.18633,-36.74102],[142.18774,-36.7408],[142.18888,-36.74047],[142.20567,-36.73341]]}},{"type":"Feature","properties":{"name":"Army Ln","surface":"sealed","hierarchy":"Access","length_m":30},"geometry":{"type":"LineString","coordinates":[[142.19888,-36.71427],[142.19886,-36.71547]]}},{"type":"Feature","properties":{"name":"Knowles St","surface":"sealed","hierarchy":"Access","length_m":342},"geometry":{"type":"LineString","coordinates":[[142.21646,-36.70699],[142.21718,-36.70696],[142.21741,-36.7068],[142.2175,-36.70657],[142.21764,-36.70437]]}},{"type":"Feature","properties":{"name":"Davey Ln","surface":"sealed","hierarchy":"Access","length_m":65},"geometry":{"type":"LineString","coordinates":[[142.19778,-36.71428],[142.19778,-36.71547]]}},{"type":"Feature","properties":{"name":"Ward St","surface":"sealed","hierarchy":"Access","length_m":102},"geometry":{"type":"LineString","coordinates":[[142.19832,-36.71428],[142.19832,-36.71547]]}},{"type":"Feature","properties":{"name":"Major Mitchell Dr","surface":"sealed","hierarchy":"Access","length_m":995},"geometry":{"type":"MultiLineString","coordinates":[[[142.19385,-36.72761],[142.19409,-36.72759]],[[142.19409,-36.72759],[142.19467,-36.72741],[142.19487,-36.72724]],[[142.19487,-36.72724],[142.19527,-36.72688]],[[142.19527,-36.72688],[142.19555,-36.72663]],[[142.19555,-36.72663],[142.19621,-36.7262]],[[142.19621,-36.7262],[142.19757,-36.7256]],[[142.19757,-36.7256],[142.19839,-36.72527]],[[142.19839,-36.72527],[142.1987,-36.72514]],[[142.1987,-36.72514],[142.19981,-36.72468]],[[142.19981,-36.72468],[142.20019,-36.72452]],[[142.20019,-36.72452],[142.20107,-36.72418]],[[142.20107,-36.72418],[142.20209,-36.72383]],[[142.20209,-36.72383],[142.20233,-36.72388]],[[142.20233,-36.72388],[142.20299,-36.72405]],[[142.20299,-36.72405],[142.20336,-36.72415]]]}},{"type":"Feature","properties":{"name":"Chequers Rd","surface":"sealed","hierarchy":"Access","length_m":970},"geometry":{"type":"LineString","coordinates":[[142.02501,-36.74696],[142.02513,-36.75989]]}},{"type":"Feature","properties":{"name":"Magee Crt","surface":"sealed","hierarchy":"Access","length_m":186},"geometry":{"type":"LineString","coordinates":[[142.19482,-36.71665],[142.1948,-36.7177],[142.19396,-36.71771]]}},{"type":"Feature","properties":{"name":"Stapylton Crt","surface":"sealed","hierarchy":"Access","length_m":132},"geometry":{"type":"LineString","coordinates":[[142.19812,-36.72538],[142.19876,-36.7264]]}},{"type":"Feature","properties":{"name":"Ballard St","surface":"sealed","hierarchy":"Access","length_m":224},"geometry":{"type":"LineString","coordinates":[[142.19606,-36.72909],[142.19598,-36.72843],[142.19532,-36.72742],[142.19499,-36.72714]]}},{"type":"Feature","properties":{"name":"Newton Crt","surface":"sealed","hierarchy":"Access","length_m":100},"geometry":{"type":"LineString","coordinates":[[142.19655,-36.72721],[142.19579,-36.72647]]}},{"type":"Feature","properties":{"name":"Three Bridges Rd","surface":"sealed","hierarchy":"Link","length_m":6975},"geometry":{"type":"LineString","coordinates":[[142.11303,-36.76005],[142.11421,-36.76028],[142.11542,-36.76029],[142.11637,-36.76014],[142.12441,-36.75664],[142.126,-36.75635],[142.13185,-36.75576],[142.13292,-36.75579],[142.13345,-36.7559],[142.13425,-36.75628],[142.13491,-36.75684],[142.13523,-36.7573],[142.13544,-36.75786],[142.13555,-36.76283],[142.13585,-36.76362],[142.13615,-36.76403],[142.13703,-36.76469],[142.13786,-36.76499],[142.13909,-36.76507],[142.15506,-36.76511],[142.15771,-36.76474],[142.15943,-36.76409],[142.16072,-36.7634],[142.16153,-36.76281],[142.16299,-36.76118],[142.16377,-36.76055],[142.16885,-36.75773],[142.17532,-36.75286]]}},{"type":"Feature","properties":{"name":"Drung-Jung Rd","surface":"sealed","hierarchy":"Collector","length_m":5360},"geometry":{"type":"MultiLineString","coordinates":[[[142.3235,-36.72398],[142.3226,-36.72428]],[[142.3226,-36.72428],[142.32209,-36.72436]],[[142.32209,-36.72436],[142.32112,-36.7243]],[[142.32112,-36.7243],[142.32034,-36.72412]],[[142.32034,-36.72412],[142.31982,-36.724]],[[142.32112,-36.7243],[142.32049,-36.72415]],[[142.3235,-36.72398],[142.32313,-36.72422],[142.32242,-36.72497],[142.32215,-36.72557]],[[142.32215,-36.72557],[142.32195,-36.72655]],[[142.33092,-36.66672],[142.3309,-36.66788]],[[142.3309,-36.66788],[142.33088,-36.66912]],[[142.33088,-36.66912],[142.33088,-36.66979]],[[142.33088,-36.66979],[142.33087,-36.66989]],[[142.33087,-36.66989],[142.33085,-36.67806]],[[142.33085,-36.67806],[142.33085,-36.68038]],[[142.33085,-36.68038],[142.33084,-36.68552]],[[142.33084,-36.68552],[142.33084,-36.68629],[142.33076,-36.68648],[142.33057,-36.68651],[142.33063,-36.68664],[142.33069,-36.69478]],[[142.33069,-36.69478],[142.33077,-36.70125],[142.33085,-36.70211],[142.33097,-36.70259],[142.33135,-36.7034],[142.33202,-36.7043],[142.33372,-36.70576],[142.33447,-36.7066],[142.33502,-36.70759],[142.33518,-36.70809],[142.33526,-36.70858],[142.33527,-36.71008]]]}},{"type":"Feature","properties":{"name":"Dimboola-Minyip Road","surface":"sealed","hierarchy":"Sub-arterial","length_m":0},"geometry":{"type":"MultiLineString","coordinates":[[[142.16589,-36.43265],[142.17341,-36.43266]],[[142.17463,-36.43273],[142.17524,-36.43279]],[[142.22756,-36.43744],[142.22907,-36.43744],[142.23284,-36.43803]],[[142.25406,-36.44003],[142.2595,-36.44008]],[[142.26292,-36.44012],[142.26588,-36.44015]],[[142.27261,-36.43995],[142.28408,-36.43992]],[[142.28926,-36.44033],[142.29125,-36.44034]],[[142.30343,-36.44017],[142.30769,-36.43993]],[[142.30777,-36.43993],[142.31267,-36.43991]],[[142.32486,-36.43993],[142.32552,-36.43993]],[[142.32555,-36.43993],[142.32723,-36.44021]],[[142.32746,-36.44025],[142.32747,-36.44025]],[[142.33134,-36.44039],[142.33455,-36.43992]],[[142.33458,-36.43992],[142.34128,-36.43994],[142.34263,-36.44022],[142.34346,-36.44059],[142.34433,-36.44114]],[[142.35044,-36.44843],[142.35045,-36.44844]],[[142.35214,-36.44907],[142.35215,-36.44907]],[[142.35695,-36.44909],[142.37971,-36.44918]]]}},{"type":"Feature","properties":{"name":"Brimpaen-Laharum Rd","surface":"sealed","hierarchy":"Link","length_m":15058},"geometry":{"type":"LineString","coordinates":[[142.32748,-36.98993],[142.31854,-36.99646],[142.31783,-36.99725],[142.31764,-36.99763],[142.31735,-36.9989],[142.31685,-37.00181],[142.31679,-37.01664],[142.31634,-37.01752],[142.31595,-37.01788],[142.31446,-37.01879],[142.31401,-37.01915],[142.3108,-37.02304],[142.30786,-37.02693],[142.30702,-37.02779],[142.30645,-37.0282],[142.30547,-37.02873],[142.30479,-37.02896],[142.28803,-37.03342],[142.26642,-37.03758],[142.26471,-37.0377],[142.24022,-37.03757],[142.23519,-37.03782],[142.20991,-37.03531],[142.20526,-37.03482],[142.20259,-37.03437],[142.19903,-37.03415],[142.19566,-37.03382]]}},{"type":"Feature","properties":{"name":"Natimuk-Hamilton Road","surface":"sealed","hierarchy":"Arterial","length_m":0},"geometry":{"type":"LineString","coordinates":[[141.96576,-36.73113],[141.96594,-36.73144],[141.96604,-36.73181],[141.96613,-36.7461],[141.96628,-36.75586],[141.97159,-36.77826],[141.97176,-36.77934],[141.97175,-36.78649],[141.97169,-36.78737],[141.97121,-36.79063],[141.96422,-36.83635],[141.96413,-36.83781],[141.9642,-36.83861],[141.96542,-36.84407],[141.96545,-36.84514],[141.95436,-36.91792],[141.95408,-36.91906],[141.95389,-36.91958],[141.95328,-36.92062],[141.95293,-36.92108],[141.94672,-36.92863],[141.93922,-36.93792],[141.93876,-36.9386],[141.93844,-36.93957],[141.93844,-36.94042],[141.93856,-36.94096],[141.9403,-36.94432],[141.94149,-36.94646],[141.94211,-36.94735],[141.94233,-36.94789],[141.94237,-36.94861],[141.94221,-36.94919],[141.94138,-36.95049],[141.94124,-36.95086],[141.93594,-36.98554],[141.93501,-36.99043],[141.9346,-36.9918],[141.9336,-36.99354],[141.93317,-36.99453],[141.93179,-36.99891],[141.92772,-37.0106],[141.92438,-37.0205],[141.92425,-37.02131],[141.92428,-37.02423],[141.92441,-37.02878],[141.92502,-37.04067],[141.92495,-37.04214],[141.9213,-37.06619],[141.92103,-37.06745],[141.9204,-37.06912],[141.90639,-37.10152],[141.90605,-37.10201],[141.90555,-37.10249],[141.90503,-37.10283],[141.87297,-37.11946],[141.87184,-37.11997],[141.87112,-37.12019],[141.85859,-37.12297],[141.85598,-37.12325],[141.85527,-37.12339],[141.85432,-37.12372],[141.85329,-37.12441],[141.85184,-37.12573],[141.84875,-37.12876],[141.8478,-37.1298],[141.84738,-37.13051],[141.84418,-37.13697],[141.84399,-37.13762],[141.84389,-37.13852],[141.84474,-37.14453],[141.84485,-37.14488],[141.84511,-37.14536],[141.84709,-37.14715],[141.84734,-37.14751],[141.84758,-37.14806],[141.84815,-37.15204]]}},{"type":"Feature","properties":{"name":"Wonwondah-Toolondo Rd","surface":"sealed","hierarchy":"Link","length_m":24485},"geometry":{"type":"LineString","coordinates":[[142.11987,-36.87673],[142.10382,-36.88016],[142.10275,-36.88024],[142.08881,-36.87999],[142.08784,-36.88005],[142.08672,-36.88042],[142.08598,-36.8809],[142.07922,-36.88727],[142.07813,-36.88832],[142.07591,-36.89081],[142.07209,-36.89435],[142.06208,-36.90057],[142.06138,-36.90088],[142.05253,-36.90353],[142.05169,-36.90388],[142.04705,-36.90733],[142.03888,-36.91321],[142.03853,-36.91329],[142.02945,-36.94073],[142.02921,-36.94128],[142.02865,-36.94207],[142.01274,-36.95962],[142.00627,-36.96656],[142.00365,-36.96975],[142.00313,-36.97024],[141.98338,-36.98497],[141.97914,-36.9871],[141.97861,-36.98727],[141.97735,-36.98745],[141.95421,-36.9893],[141.9475,-36.98994],[141.94334,-36.99072],[141.94109,-36.99151],[141.94001,-36.99164],[141.93783,-36.99171],[141.93606,-36.99208],[141.93462,-36.99274],[141.93405,-36.99276]]}},{"type":"Feature","properties":{"name":"Mitre-Grass Flat Rd","surface":"sealed","hierarchy":"Access","length_m":10560},"geometry":{"type":"LineString","coordinates":[[141.80139,-36.73009],[141.80778,-36.68881],[141.83432,-36.69147],[141.83596,-36.68106],[141.83603,-36.68098],[141.83626,-36.68095],[141.86244,-36.68361]]}},{"type":"Feature","properties":{"name":"Jallumba-Clear Lake Rd","surface":"sealed","hierarchy":"Collector","length_m":7550},"geometry":{"type":"LineString","coordinates":[[141.85969,-36.9253],[141.86415,-36.92457],[141.86557,-36.92445],[141.90955,-36.92882],[141.93164,-36.93114],[141.94376,-36.93226]]}},{"type":"Feature","properties":{"name":"Rodan Pl","surface":"sealed","hierarchy":"Access","length_m":17},"geometry":{"type":"LineString","coordinates":[[142.19411,-36.71103],[142.19441,-36.71103]]}},{"type":"Feature","properties":{"name":"Barton Dr","surface":"sealed","hierarchy":"Access","length_m":337},"geometry":{"type":"LineString","coordinates":[[142.21024,-36.72305],[142.21058,-36.72347],[142.21068,-36.72613]]}},{"type":"Feature","properties":{"name":"Mardon Dr","surface":"sealed","hierarchy":"Access","length_m":1007},"geometry":{"type":"LineString","coordinates":[[142.2074,-36.72408],[142.20848,-36.7234],[142.2098,-36.72328],[142.21093,-36.72273],[142.21184,-36.72275],[142.2126,-36.72286],[142.21347,-36.72345],[142.21436,-36.72359],[142.2146,-36.72378],[142.2151,-36.72475],[142.21513,-36.72617]]}},{"type":"Feature","properties":{"name":"Ritchie Crt","surface":"sealed","hierarchy":"Access","length_m":48},"geometry":{"type":"LineString","coordinates":[[142.18031,-36.71218],[142.18012,-36.71176]]}},{"type":"Feature","properties":{"name":"Green Lake Rd","surface":"sealed","hierarchy":"Access","length_m":10845},"geometry":{"type":"LineString","coordinates":[[142.28536,-36.7803],[142.28527,-36.78251],[142.28528,-36.78997],[142.28485,-36.79321],[142.2852,-36.79483],[142.28524,-36.79718],[142.28506,-36.86436],[142.28495,-36.87802]]}},{"type":"Feature","properties":{"name":"Telangatuk East- Rocklands Rd","surface":"sealed","hierarchy":"Collector","length_m":27935},"geometry":{"type":"MultiLineString","coordinates":[[[141.9455,-37.2107],[141.94492,-37.21072]],[[141.95166,-37.20962],[141.94555,-37.21069]],[[141.95337,-37.2088],[141.95283,-37.20922],[141.95258,-37.20933]],[[141.97161,-36.98792],[141.97056,-36.99494],[141.97062,-36.99539],[141.97076,-36.99583],[141.97134,-36.99683],[141.97189,-36.99814],[141.97263,-37.00129],[141.97389,-37.003],[141.97403,-37.00331],[141.97414,-37.00391],[141.97404,-37.00527],[141.97411,-37.00588],[141.97442,-37.00652],[141.97486,-37.007],[141.9763,-37.00798],[141.97669,-37.00816],[141.97768,-37.00842],[141.97978,-37.00863],[141.98083,-37.00898],[141.98234,-37.00974],[141.98366,-37.01079],[141.9851,-37.01238],[141.98558,-37.01306],[141.98572,-37.01339],[141.98577,-37.01376],[141.98571,-37.0148],[141.98538,-37.01702],[141.96413,-37.15514],[141.96414,-37.15588],[141.96429,-37.15648],[141.96633,-37.16372],[141.96659,-37.16445],[141.9669,-37.16497],[141.96731,-37.16538],[141.96771,-37.16565],[141.97048,-37.16709],[141.97162,-37.16747],[141.97299,-37.16779],[141.97398,-37.16819],[141.97473,-37.16882],[141.97554,-37.17],[141.97584,-37.17058],[141.97596,-37.17126],[141.97592,-37.1716],[141.97562,-37.17242],[141.97478,-37.17422],[141.97441,-37.17522],[141.97281,-37.18572],[141.97248,-37.18885],[141.97152,-37.19492],[141.97127,-37.19549],[141.97095,-37.19589],[141.97011,-37.19652],[141.96873,-37.19688],[141.95981,-37.19608],[141.95905,-37.19615],[141.95815,-37.19636],[141.9572,-37.19679],[141.95673,-37.19711],[141.9563,-37.1975],[141.95562,-37.19848],[141.95549,-37.19893],[141.95406,-37.20774],[141.95374,-37.20838],[141.95343,-37.20876]]]}},{"type":"Feature","properties":{"name":"Davidson Crt","surface":"sealed","hierarchy":"Access","length_m":49},"geometry":{"type":"LineString","coordinates":[[142.20925,-36.72492],[142.20956,-36.72531]]}},{"type":"Feature","properties":{"name":"Natoli Crt","surface":"sealed","hierarchy":"Access","length_m":25},"geometry":{"type":"LineString","coordinates":[[142.2079,-36.72373],[142.20838,-36.72418]]}},{"type":"Feature","properties":{"name":"John McPhees Dr","surface":"sealed","hierarchy":"Access","length_m":825},"geometry":{"type":"MultiLineString","coordinates":[[[141.98538,-37.01702],[141.98468,-37.01689],[141.98404,-37.01708],[141.9837,-37.01739],[141.98348,-37.01779],[141.98239,-37.01861],[141.98202,-37.0188],[141.9807,-37.01878],[141.98016,-37.01863],[141.97975,-37.01866],[141.97941,-37.01882],[141.97816,-37.0191],[141.9774,-37.01905],[141.97577,-37.01879],[141.97505,-37.01827]],[[141.97505,-37.01827],[141.97489,-37.01816],[141.97477,-37.01743],[141.97563,-37.01672],[141.97567,-37.01642],[141.97527,-37.01503],[141.97552,-37.01409],[141.97552,-37.01375],[141.97467,-37.01256],[141.97472,-37.01003],[141.97462,-37.00992]],[[141.97462,-37.00992],[141.97425,-37.00939]]]}},{"type":"Feature","properties":{"name":"Kalkee Rd","surface":"sealed","hierarchy":"Arterial","length_m":712},"geometry":{"type":"LineString","coordinates":[[142.20224,-36.69697],[142.20219,-36.69767],[142.20088,-36.70131],[142.20093,-36.70584],[142.20108,-36.70623],[142.20122,-36.7064],[142.20193,-36.70694],[142.2022,-36.70727],[142.20234,-36.70771]]}},{"type":"Feature","properties":{"name":"Pryors Rd","surface":"sealed","hierarchy":"Access","length_m":652},"geometry":{"type":"MultiLineString","coordinates":[[[142.21594,-36.70438],[142.21737,-36.70437]],[[142.21737,-36.70437],[142.21791,-36.70437]],[[142.21791,-36.70437],[142.21955,-36.70437]],[[142.21955,-36.70437],[142.2232,-36.70436]]]}},{"type":"Feature","properties":{"name":"Rules East Rd","surface":"sealed","hierarchy":"Access","length_m":3250},"geometry":{"type":"LineString","coordinates":[[142.16838,-36.60803],[142.21523,-36.60789]]}},{"type":"Feature","properties":{"name":"Rogersons Rd","surface":"sealed","hierarchy":"Collector","length_m":1220},"geometry":{"type":"LineString","coordinates":[[142.24904,-36.70376],[142.23542,-36.70374]]}},{"type":"Feature","properties":{"name":"Remlaw Rd","surface":"sealed","hierarchy":"Access","length_m":2500},"geometry":{"type":"MultiLineString","coordinates":[[[142.04489,-36.71387],[142.04626,-36.71387]],[[142.04626,-36.71387],[142.04757,-36.71386]],[[142.04757,-36.71386],[142.05328,-36.71385]],[[142.05328,-36.71385],[142.06332,-36.71381]],[[142.06332,-36.71381],[142.07274,-36.71376]]]}},{"type":"Feature","properties":{"name":"Matthews Crt","surface":"sealed","hierarchy":"Access","length_m":127},"geometry":{"type":"LineString","coordinates":[[142.18815,-36.70352],[142.18816,-36.70422],[142.1883,-36.70465]]}},{"type":"Feature","properties":{"name":"Sudholz Street","surface":"sealed","hierarchy":"Local","length_m":0},"geometry":{"type":"LineString","coordinates":[[141.93589,-36.74173],[141.93731,-36.74381]]}},{"type":"Feature","properties":{"name":"Arapiles-Grass Flat Rd","surface":"sealed","hierarchy":"Access","length_m":12795},"geometry":{"type":"LineString","coordinates":[[141.87023,-36.63298],[141.85574,-36.72727],[141.8561,-36.74741]]}},{"type":"Feature","properties":{"name":"Alexander Ave","surface":"sealed","hierarchy":"Access","length_m":413},"geometry":{"type":"LineString","coordinates":[[142.1989,-36.69894],[142.19893,-36.70534]]}},{"type":"Feature","properties":{"name":"Staehrs Rd","surface":"sealed","hierarchy":"Access","length_m":275},"geometry":{"type":"MultiLineString","coordinates":[[[142.28471,-36.9315],[142.28471,-36.93231]],[[142.28471,-36.93231],[142.28471,-36.9327]],[[142.28471,-36.9327],[142.28471,-36.93404]]]}},{"type":"Feature","properties":{"name":"McKenzie Creek Reserve Road","surface":"sealed","hierarchy":"Sub-arterial","length_m":0},"geometry":{"type":"LineString","coordinates":[[142.17366,-36.81012],[142.17922,-36.81007],[142.17999,-36.81012],[142.18031,-36.81065],[142.18088,-36.81112],[142.1811,-36.81154],[142.18205,-36.81283],[142.18235,-36.81353],[142.18275,-36.81513],[142.18292,-36.81604],[142.18315,-36.8184],[142.18311,-36.82188],[142.18301,-36.823],[142.18312,-36.82422],[142.18303,-36.8263]]}},{"type":"Feature","properties":{"name":"Creek Rd","surface":"sealed","hierarchy":"Access","length_m":5826},"geometry":{"type":"LineString","coordinates":[[141.932,-36.74536],[141.93206,-36.7456],[141.93199,-36.74581],[141.93164,-36.74643],[141.93103,-36.74782],[141.92885,-36.75158],[141.92836,-36.75215],[141.92514,-36.75438],[141.92394,-36.75475],[141.92324,-36.75508],[141.92079,-36.7571],[141.9203,-36.75764],[141.91989,-36.75833],[141.91927,-36.76082],[141.91845,-36.76297],[141.91831,-36.76378],[141.91815,-36.7642],[141.91675,-36.76614],[141.91634,-36.76645],[141.91587,-36.76657],[141.91323,-36.76655],[141.91288,-36.76668],[141.91193,-36.76844],[141.91124,-36.76911],[141.91108,-36.76945],[141.91115,-36.77138],[141.91144,-36.7724],[141.9112,-36.77276],[141.91054,-36.77288],[141.90791,-36.77268],[141.90726,-36.77284],[141.90634,-36.77329],[141.90485,-36.77425],[141.90453,-36.7747],[141.90415,-36.77553],[141.90375,-36.77606],[141.90333,-36.77638],[141.90113,-36.77703],[141.90075,-36.77717],[141.90063,-36.77729],[141.90056,-36.77757],[141.90108,-36.77914],[141.90131,-36.7796],[141.90132,-36.77992],[141.89674,-36.78197]]}},{"type":"Feature","properties":{"name":"Horsham Plaza","surface":"sealed","hierarchy":"Local","length_m":0},"geometry":{"type":"LineString","coordinates":[[142.19713,-36.71547],[142.19646,-36.71548]]}},{"type":"Feature","properties":{"name":"George St","surface":"sealed","hierarchy":"Access","length_m":506},"geometry":{"type":"LineString","coordinates":[[142.20681,-36.71169],[142.20683,-36.71149],[142.20784,-36.71072],[142.21197,-36.71072]]}},{"type":"Feature","properties":{"name":"Stockton Dr","surface":"sealed","hierarchy":"Access","length_m":782},"geometry":{"type":"LineString","coordinates":[[142.21731,-36.7262],[142.21724,-36.72448],[142.21708,-36.72414],[142.21654,-36.72349],[142.21649,-36.72255],[142.2163,-36.72196],[142.21642,-36.72157],[142.21761,-36.72055],[142.21773,-36.72035],[142.21776,-36.71954],[142.2183,-36.71952],[142.21831,-36.71918]]}},{"type":"Feature","properties":{"name":"Firebrace St","surface":"sealed","hierarchy":"Access","length_m":1824},"geometry":{"type":"LineString","coordinates":[[142.19973,-36.71176],[142.19974,-36.71843],[142.19989,-36.71869],[142.19972,-36.71901],[142.19972,-36.72201],[142.1998,-36.72321]]}},{"type":"Feature","properties":{"name":"Baker St","surface":"sealed","hierarchy":"Access","length_m":285},"geometry":{"type":"MultiLineString","coordinates":[[[142.1985,-36.72054],[142.20194,-36.72048]],[[142.36017,-36.6019],[142.36012,-36.60973]]]}},{"type":"Feature","properties":{"name":"Scott Heard Lights Road","surface":"sealed","hierarchy":"Sub-arterial","length_m":0},"geometry":{"type":"LineString","coordinates":[[141.91131,-36.82626],[141.91005,-36.83448],[141.90993,-36.83489],[141.9095,-36.83568],[141.90523,-36.84003],[141.90435,-36.84078],[141.90343,-36.84121],[141.90235,-36.84139],[141.89646,-36.84089],[141.89541,-36.84098],[141.89434,-36.84137],[141.89363,-36.84189],[141.89328,-36.84227],[141.8929,-36.843],[141.89275,-36.84352],[141.88239,-36.91114],[141.88226,-36.91126],[141.88208,-36.91126],[141.85558,-36.90863]]}},{"type":"Feature","properties":{"name":"Osborne Rd","surface":"sealed","hierarchy":"Access","length_m":2282},"geometry":{"type":"MultiLineString","coordinates":[[[142.20557,-36.74085],[142.21249,-36.74083],[142.21375,-36.74079],[142.21414,-36.74055]],[[142.21448,-36.74083],[142.23066,-36.74073]]]}},{"type":"Feature","properties":{"name":"Hocking St","surface":"sealed","hierarchy":"Access","length_m":329},"geometry":{"type":"LineString","coordinates":[[142.19972,-36.72201],[142.20314,-36.72202],[142.20366,-36.72195]]}},{"type":"Feature","properties":{"name":"Gates Rd","surface":"sealed","hierarchy":"Access","length_m":17},"geometry":{"type":"LineString","coordinates":[[142.33987,-36.78902],[142.33998,-36.78913]]}},{"type":"Feature","properties":{"name":"Hunts Rd","surface":"sealed","hierarchy":"Access","length_m":820},"geometry":{"type":"LineString","coordinates":[[142.19642,-36.75261],[142.19788,-36.75295],[142.20476,-36.753],[142.20552,-36.75283]]}},{"type":"Feature","properties":{"name":"Grampians Road","surface":"sealed","hierarchy":"Arterial","length_m":0},"geometry":{"type":"LineString","coordinates":[[142.23069,-36.75083],[142.23064,-36.76422]]}},{"type":"Feature","properties":{"name":"Cameron Rd","surface":"sealed","hierarchy":"Access","length_m":2890},"geometry":{"type":"MultiLineString","coordinates":[[[142.22312,-36.72568],[142.2235,-36.72601],[142.22365,-36.72635],[142.22367,-36.73295]],[[142.22367,-36.73295],[142.22369,-36.73848]],[[142.22369,-36.73848],[142.22366,-36.74073]],[[142.22347,-36.70851],[142.22348,-36.70911]],[[142.22348,-36.70911],[142.2235,-36.71067]],[[142.2235,-36.71067],[142.22354,-36.71358]],[[142.22354,-36.71358],[142.22359,-36.71907]]]}},{"type":"Feature","properties":{"name":"Burnt Creek Dr","surface":"sealed","hierarchy":"Access","length_m":950},"geometry":{"type":"LineString","coordinates":[[142.24367,-36.75781],[142.24052,-36.76165],[142.24033,-36.76205],[142.24018,-36.76286],[142.24015,-36.76491]]}},{"type":"Feature","properties":{"name":"North Rd","surface":"sealed","hierarchy":"Access","length_m":3260},"geometry":{"type":"LineString","coordinates":[[142.3219,-36.73852],[142.2854,-36.73848]]}},{"type":"Feature","properties":{"name":"Riverside East Rd","surface":"sealed","hierarchy":"Access","length_m":5404},"geometry":{"type":"LineString","coordinates":[[142.24908,-36.68661],[142.24897,-36.73507],[142.24891,-36.73825]]}},{"type":"Feature","properties":{"name":"Dock Lake Rd","surface":"sealed","hierarchy":"Access","length_m":170},"geometry":{"type":"LineString","coordinates":[[142.32182,-36.78257],[142.31997,-36.78257]]}},{"type":"Feature","properties":{"name":"Ballyglunin North Road","surface":"sealed","hierarchy":"Arterial","length_m":0},"geometry":{"type":"LineString","coordinates":[[142.32185,-36.76619],[142.32177,-36.79798]]}},{"type":"Feature","properties":{"name":"Arnotts Rd","surface":"sealed","hierarchy":"Access","length_m":305},"geometry":{"type":"LineString","coordinates":[[142.37894,-36.84137],[142.37558,-36.84137]]}},{"type":"Feature","properties":{"name":"Harders St","surface":"sealed","hierarchy":"Access","length_m":205},"geometry":{"type":"LineString","coordinates":[[142.20257,-36.73012],[142.20554,-36.73004]]}},{"type":"Feature","properties":{"name":"Trento Ave","surface":"sealed","hierarchy":"Access","length_m":206},"geometry":{"type":"LineString","coordinates":[[142.20246,-36.72779],[142.20371,-36.72775],[142.20408,-36.72789],[142.2051,-36.72784]]}},{"type":"Feature","properties":{"name":"Northern Grampians Road","surface":"sealed","hierarchy":"Sub-arterial","length_m":0},"geometry":{"type":"MultiLineString","coordinates":[[[142.32238,-36.88381],[142.32203,-36.88376],[142.32194,-36.88368],[142.3218,-36.883],[142.31933,-36.87756],[142.31899,-36.87703],[142.31835,-36.8764],[142.31715,-36.87577],[142.31647,-36.87556]],[[142.34055,-36.80804],[142.34028,-36.80844],[142.34008,-36.80908],[142.34002,-36.8098],[142.34,-36.8359],[142.34004,-36.84135],[142.34013,-36.84223],[142.34005,-36.84305],[142.33972,-36.84374],[142.32733,-36.85779],[142.32683,-36.85847],[142.32654,-36.85909],[142.32549,-36.86559],[142.32472,-36.86841],[142.32247,-36.88276],[142.32238,-36.88381]],[[142.32238,-36.88381],[142.32284,-36.88701],[142.3278,-36.92875],[142.32778,-36.92929],[142.32745,-36.9311],[142.32385,-36.94674],[142.32287,-36.95145],[142.32283,-36.95203],[142.32285,-36.95257],[142.32326,-36.9548],[142.32399,-36.96557],[142.32521,-36.98029],[142.32679,-36.98714],[142.33102,-37.00417],[142.33124,-37.00457],[142.33187,-37.00469],[142.3315,-37.0049],[142.33948,-37.01387]],[[142.34422,-37.01995],[142.34424,-37.02037],[142.34341,-37.02563],[142.34265,-37.02832],[142.34221,-37.03065],[142.33918,-37.03609],[142.33788,-37.03793],[142.33759,-37.03903],[142.33765,-37.03977],[142.33785,-37.04039],[142.33978,-37.04343],[142.343,-37.04795],[142.34352,-37.04842],[142.34513,-37.04957],[142.34563,-37.05002],[142.34762,-37.05239],[142.34835,-37.05305],[142.34878,-37.05332],[142.35265,-37.05528],[142.35698,-37.05672],[142.35917,-37.05782],[142.35983,-37.05826],[142.36205,-37.06056],[142.36554,-37.06565]]]}},{"type":"Feature","properties":{"name":"Leskie Close","surface":"sealed","hierarchy":"Local","length_m":0},"geometry":{"type":"MultiLineString","coordinates":[[[142.21488,-36.70982],[142.21554,-36.70982]],[[142.21554,-36.70982],[142.21677,-36.70982]],[[142.21554,-36.70982],[142.21545,-36.7091],[142.21578,-36.70897]]]}},{"type":"Feature","properties":{"name":"Grevillea Court","surface":"sealed","hierarchy":"Local","length_m":0},"geometry":{"type":"LineString","coordinates":[[142.21493,-36.7096],[142.21547,-36.70954]]}},{"type":"Feature","properties":{"name":"Trinity Dr","surface":"sealed","hierarchy":"Access","length_m":134},"geometry":{"type":"LineString","coordinates":[[142.21414,-36.70852],[142.21482,-36.70853],[142.21559,-36.70841],[142.21578,-36.70855],[142.21578,-36.70897],[142.21696,-36.70902],[142.21664,-36.71039],[142.21668,-36.71165]]}},{"type":"Feature","properties":{"name":"Shalom Place","surface":"sealed","hierarchy":"Local","length_m":0},"geometry":{"type":"LineString","coordinates":[[142.21482,-36.70853],[142.21482,-36.70875]]}},{"type":"Feature","properties":{"name":"Dimboola Road","surface":"sealed","hierarchy":"Highway","length_m":0},"geometry":{"type":"LineString","coordinates":[[142.16935,-36.6972],[142.17014,-36.6978],[142.17294,-36.69938],[142.18675,-36.70602],[142.19626,-36.71039],[142.19885,-36.71172]]}},{"type":"Feature","properties":{"name":"Station St","surface":"sealed","hierarchy":"Access","length_m":475},"geometry":{"type":"MultiLineString","coordinates":[[[141.93789,-36.74532],[141.94114,-36.74392]],[[141.94114,-36.74392],[141.94169,-36.74368],[141.94273,-36.7436],[141.94301,-36.74348],[141.94376,-36.74337]],[[141.94376,-36.74337],[141.94548,-36.74337]]]}},{"type":"Feature","properties":{"name":"Small St","surface":"sealed","hierarchy":"Access","length_m":38},"geometry":{"type":"LineString","coordinates":[[142.19389,-36.70931],[142.19339,-36.70997]]}},{"type":"Feature","properties":{"name":"Sloss St","surface":"sealed","hierarchy":"Access","length_m":320},"geometry":{"type":"LineString","coordinates":[[142.20112,-36.71977],[142.2013,-36.71968],[142.20498,-36.71966]]}},{"type":"Feature","properties":{"name":"Carine Street","surface":"sealed","hierarchy":"Local","length_m":0},"geometry":{"type":"LineString","coordinates":[[142.18652,-36.7355],[142.18958,-36.73549],[142.18975,-36.7357]]}},{"type":"Feature","properties":{"name":"Watson Crt","surface":"sealed","hierarchy":"Access","length_m":185},"geometry":{"type":"MultiLineString","coordinates":[[[142.21184,-36.72275],[142.21179,-36.72306],[142.21187,-36.7236]],[[142.21187,-36.7236],[142.21207,-36.7236],[142.21213,-36.7237],[142.21205,-36.72377],[142.21166,-36.72376],[142.21162,-36.72367],[142.21168,-36.72361],[142.21187,-36.7236]]]}},{"type":"Feature","properties":{"name":"Mayfield Crt","surface":"sealed","hierarchy":"Access","length_m":66},"geometry":{"type":"LineString","coordinates":[[142.20777,-36.72997],[142.20811,-36.72975],[142.20835,-36.72969]]}},{"type":"Feature","properties":{"name":"May Park Tce","surface":"sealed","hierarchy":"Link","length_m":126},"geometry":{"type":"LineString","coordinates":[[142.19626,-36.71039],[142.19627,-36.71173]]}},{"type":"Feature","properties":{"name":"Shade Crt","surface":"sealed","hierarchy":"Access","length_m":66},"geometry":{"type":"LineString","coordinates":[[142.20138,-36.72816],[142.20079,-36.72835]]}},{"type":"Feature","properties":{"name":"Menadue St","surface":"sealed","hierarchy":"Collector","length_m":917},"geometry":{"type":"LineString","coordinates":[[142.21636,-36.71172],[142.21621,-36.71195],[142.21523,-36.71272],[142.21486,-36.71321],[142.21454,-36.71415],[142.21406,-36.71482],[142.21344,-36.71549],[142.21198,-36.71634],[142.2113,-36.71684],[142.2108,-36.71762],[142.21067,-36.71771],[142.20987,-36.71777]]}},{"type":"Feature","properties":{"name":"Natimuk-Frances Road","surface":"sealed","hierarchy":"Arterial","length_m":0},"geometry":{"type":"LineString","coordinates":[[141.73036,-36.73317],[141.741,-36.7328],[141.74325,-36.73287],[141.74755,-36.7326],[141.74988,-36.73228],[141.75413,-36.73204],[141.75605,-36.73162],[141.76635,-36.72743],[141.76754,-36.72705],[141.76856,-36.72689],[141.76969,-36.72688],[141.81494,-36.73142],[141.81593,-36.73154],[141.81705,-36.7318],[141.81944,-36.7328],[141.8232,-36.73455],[141.83231,-36.73883],[141.83651,-36.74098],[141.84915,-36.7468],[141.85026,-36.74721],[141.8514,-36.74741],[141.8561,-36.74741],[141.8938,-36.74688],[141.89514,-36.74665],[141.89584,-36.74644],[141.89669,-36.74606],[141.90418,-36.74176],[141.90475,-36.74155],[141.90568,-36.7414],[141.92412,-36.74145],[141.92573,-36.74179],[141.92682,-36.74212],[141.92777,-36.74253],[141.93145,-36.74457],[141.93202,-36.74491],[141.93227,-36.74524]]}},{"type":"Feature","properties":{"name":"Wright Pl","surface":"sealed","hierarchy":"Access","length_m":67},"geometry":{"type":"LineString","coordinates":[[142.21402,-36.70627],[142.21468,-36.70681]]}},{"type":"Feature","properties":{"name":"Hardinghams Rd","surface":"sealed","hierarchy":"Access","length_m":2170},"geometry":{"type":"LineString","coordinates":[[142.18699,-36.76647],[142.18736,-36.76673],[142.18739,-36.76727],[142.18718,-36.79677],[142.18736,-36.79697],[142.18765,-36.79698],[142.19571,-36.79696]]}},{"type":"Feature","properties":{"name":"Rifle Butts Rd","surface":"sealed","hierarchy":"Access","length_m":11905},"geometry":{"type":"MultiLineString","coordinates":[[[141.87623,-36.83882],[141.89141,-36.84036]],[[141.89141,-36.84036],[141.89646,-36.84089]],[[141.90235,-36.84139],[141.90292,-36.84153],[141.9049,-36.84172]],[[141.9049,-36.84172],[141.90947,-36.84217]],[[141.90947,-36.84217],[141.92099,-36.8433]],[[141.92099,-36.8433],[141.94537,-36.84572]],[[141.94537,-36.84572],[141.95965,-36.84714]],[[141.95965,-36.84714],[141.9791,-36.84907]],[[142.03445,-36.85453],[142.04105,-36.85519]],[[142.04105,-36.85519],[142.04862,-36.85593]],[[142.04862,-36.85593],[142.05876,-36.85693]],[[142.05886,-36.85664],[142.06696,-36.8575]],[[142.06696,-36.8575],[142.08046,-36.85892]]]}},{"type":"Feature","properties":{"name":"Roses Gap Rd","surface":"sealed","hierarchy":"Link","length_m":10235},"geometry":{"type":"MultiLineString","coordinates":[[[142.35631,-37.02107],[142.35947,-37.02138],[142.3603,-37.02156],[142.36087,-37.02184]],[[142.36087,-37.02184],[142.36114,-37.02204],[142.36151,-37.02265],[142.36158,-37.02301],[142.36159,-37.0287],[142.36173,-37.02975],[142.36196,-37.03013],[142.36224,-37.03041],[142.36275,-37.0307],[142.36372,-37.0309],[142.36532,-37.03098],[142.37668,-37.03107],[142.38164,-37.03043],[142.38381,-37.03001],[142.38592,-37.02987],[142.38758,-37.02964],[142.39017,-37.02906],[142.39211,-37.02889],[142.39593,-37.02832]],[[142.39647,-37.02828],[142.39627,-37.02829]],[[142.39757,-37.02842],[142.39754,-37.02842]],[[142.40487,-37.03089],[142.40341,-37.03025]],[[142.40617,-37.03154],[142.41094,-37.0343]],[[142.51334,-36.94934],[142.51175,-36.94934]]]}},{"type":"Feature","properties":{"name":"Schmidts Rd","surface":"sealed","hierarchy":"Access","length_m":4320},"geometry":{"type":"MultiLineString","coordinates":[[[142.28439,-37.0341],[142.28432,-37.04573]],[[142.28432,-37.04573],[142.28431,-37.04729]],[[142.28431,-37.04729],[142.2843,-37.04882]],[[142.2843,-37.04882],[142.28428,-37.05319]],[[142.28428,-37.05319],[142.28423,-37.06053],[142.28429,-37.06189]],[[142.28429,-37.06198],[142.28425,-37.07255]]]}},{"type":"Feature","properties":{"name":"Schier Crescent","surface":"sealed","hierarchy":"Local","length_m":0},"geometry":{"type":"LineString","coordinates":[[142.21503,-36.70847],[142.21502,-36.70815],[142.21508,-36.70809],[142.21556,-36.70811],[142.21559,-36.70841]]}},{"type":"Feature","properties":{"name":"Jardwa Crt","surface":"sealed","hierarchy":"Access","length_m":48},"geometry":{"type":"LineString","coordinates":[[142.194,-36.72412],[142.19428,-36.72458]]}},{"type":"Feature","properties":{"name":"Simpson Crt","surface":"sealed","hierarchy":"Access","length_m":143},"geometry":{"type":"LineString","coordinates":[[142.19699,-36.72775],[142.19734,-36.72828],[142.19737,-36.72907]]}},{"type":"Feature","properties":{"name":"Derwent Ln","surface":"sealed","hierarchy":"Access","length_m":1200},"geometry":{"type":"MultiLineString","coordinates":[[[141.97651,-37.0747],[141.96346,-37.07339]],[[141.96346,-37.07339],[141.96313,-37.07336]]]}},{"type":"Feature","properties":{"name":"Iris St","surface":"sealed","hierarchy":"Access","length_m":503},"geometry":{"type":"LineString","coordinates":[[142.19046,-36.71956],[142.19047,-36.7234],[142.19048,-36.72392],[142.19056,-36.72413]]}},{"type":"Feature","properties":{"name":"Dougherty St","surface":"sealed","hierarchy":"Access","length_m":298},"geometry":{"type":"LineString","coordinates":[[142.18293,-36.71333],[142.18365,-36.71312],[142.18614,-36.71308]]}},{"type":"Feature","properties":{"name":"Langlands St","surface":"sealed","hierarchy":"Access","length_m":232},"geometry":{"type":"LineString","coordinates":[[142.20506,-36.70343],[142.2078,-36.70343]]}},{"type":"Feature","properties":{"name":"Jaspers Ln","surface":"sealed","hierarchy":"Access","length_m":7200},"geometry":{"type":"MultiLineString","coordinates":[[[141.76942,-37.15089],[141.76843,-37.15041]],[[141.77055,-37.1513],[141.76961,-37.15098]],[[141.83899,-37.13725],[141.83856,-37.13774],[141.83297,-37.14112],[141.83254,-37.14152],[141.82903,-37.14675],[141.82876,-37.14761],[141.82839,-37.14926],[141.82819,-37.14968],[141.82751,-37.15037],[141.82071,-37.15345],[141.8122,-37.15718],[141.81121,-37.15752],[141.8103,-37.15755],[141.80785,-37.15734],[141.80191,-37.15676],[141.79737,-37.15622],[141.7945,-37.1555],[141.78488,-37.15286],[141.78366,-37.15261],[141.774,-37.1517],[141.77055,-37.1513]]]}},{"type":"Feature","properties":{"name":"Arthur Dr","surface":"sealed","hierarchy":"Access","length_m":626},"geometry":{"type":"LineString","coordinates":[[142.17898,-36.71218],[142.17726,-36.7127],[142.17686,-36.71301],[142.17575,-36.71464],[142.17543,-36.71489],[142.17505,-36.71507],[142.17307,-36.71543]]}},{"type":"Feature","properties":{"name":"Hughes St","surface":"sealed","hierarchy":"Access","length_m":281},"geometry":{"type":"LineString","coordinates":[[142.20741,-36.72503],[142.2087,-36.72504],[142.20925,-36.72492],[142.20981,-36.72467],[142.21058,-36.72465]]}},{"type":"Feature","properties":{"name":"Evans Way","surface":"sealed","hierarchy":"Access","length_m":300},"geometry":{"type":"LineString","coordinates":[[142.20032,-36.72781],[142.2004,-36.72798],[142.20068,-36.72816],[142.20092,-36.72886],[142.20148,-36.72907],[142.20164,-36.72922],[142.20169,-36.72983],[142.20163,-36.73011]]}},{"type":"Feature","properties":{"name":"Gross Rd","surface":"sealed","hierarchy":"Access","length_m":558},"geometry":{"type":"LineString","coordinates":[[142.3279,-36.72134],[142.32821,-36.72151],[142.32973,-36.7219],[142.33049,-36.722],[142.33236,-36.72199],[142.33302,-36.7219],[142.33353,-36.72165],[142.33406,-36.72125],[142.33425,-36.72125]]}},{"type":"Feature","properties":{"name":"Longerenong Rd","surface":"sealed","hierarchy":"Link","length_m":14240},"geometry":{"type":"MultiLineString","coordinates":[[[142.25508,-36.66119],[142.27805,-36.67096],[142.28006,-36.67204],[142.29638,-36.67904],[142.29788,-36.68021],[142.30958,-36.68991],[142.31007,-36.6902],[142.31292,-36.69133],[142.31434,-36.69167],[142.31528,-36.6917],[142.31828,-36.69163],[142.31933,-36.6915],[142.32022,-36.69123],[142.3296,-36.68688],[142.33057,-36.68651]],[[142.40094,-36.68835],[142.39806,-36.688],[142.39307,-36.68758],[142.37659,-36.68655],[142.36317,-36.68641],[142.33995,-36.68641],[142.33076,-36.68648]]]}},{"type":"Feature","properties":{"name":"High Street N","surface":"sealed","hierarchy":"Local","length_m":0},"geometry":{"type":"LineString","coordinates":[[142.18675,-36.70602],[142.18647,-36.70896]]}},{"type":"Feature","properties":{"name":"Ashes Crt","surface":"sealed","hierarchy":"Access","length_m":118},"geometry":{"type":"LineString","coordinates":[[142.17183,-36.72794],[142.17125,-36.72698]]}},{"type":"Feature","properties":{"name":"Taylors Rd","surface":"sealed","hierarchy":"Access","length_m":1270},"geometry":{"type":"MultiLineString","coordinates":[[[142.30364,-36.78899],[142.30353,-36.78921],[142.30351,-36.79726]],[[142.30351,-36.79726],[142.30351,-36.80041]]]}},{"type":"Feature","properties":{"name":"Waterlink Esp","surface":"sealed","hierarchy":"Access","length_m":930},"geometry":{"type":"LineString","coordinates":[[142.21535,-36.71798],[142.21333,-36.71804],[142.21212,-36.71951],[142.21217,-36.71971],[142.21295,-36.72042],[142.21532,-36.72187],[142.2163,-36.72196]]}},{"type":"Feature","properties":{"name":"Windsor Cres","surface":"sealed","hierarchy":"Access","length_m":467},"geometry":{"type":"LineString","coordinates":[[142.17704,-36.7238],[142.17706,-36.72577],[142.17695,-36.72593],[142.1752,-36.72661],[142.17444,-36.72653]]}},{"type":"Feature","properties":{"name":"Rosebrook-Glenisla Rd","surface":"sealed","hierarchy":"Access","length_m":1789},"geometry":{"type":"MultiLineString","coordinates":[[[142.27101,-37.10712],[142.27078,-37.10741]],[[142.27319,-37.10287],[142.27181,-37.10542]],[[142.2746,-37.0999],[142.27408,-37.10112]],[[142.27698,-37.09701],[142.27651,-37.09746]],[[142.27801,-37.09645],[142.27765,-37.09664]],[[142.27765,-37.09664],[142.27698,-37.09701]],[[142.27871,-37.09575],[142.27815,-37.09628]],[[142.28291,-37.09238],[142.27931,-37.09518]],[[142.28389,-37.09183],[142.28345,-37.0922]],[[142.28416,-37.09121],[142.28416,-37.09136]],[[142.28477,-37.09104],[142.28452,-37.09112]],[[142.2869,-37.08928],[142.28661,-37.08947]],[[142.34181,-37.04629],[142.3406,-37.0473],[142.34036,-37.04764],[142.33996,-37.0479]]]}},{"type":"Feature","properties":{"name":"Alan Crt","surface":"sealed","hierarchy":"Access","length_m":44},"geometry":{"type":"LineString","coordinates":[[142.18149,-36.72559],[142.18195,-36.72594]]}},{"type":"Feature","properties":{"name":"Farrar Ave","surface":"sealed","hierarchy":"Access","length_m":411},"geometry":{"type":"LineString","coordinates":[[142.18119,-36.72349],[142.1818,-36.72451],[142.18225,-36.72506],[142.18234,-36.72535],[142.1822,-36.72574],[142.18167,-36.7263],[142.18169,-36.7269]]}},{"type":"Feature","properties":{"name":"Penny Ave","surface":"sealed","hierarchy":"Access","length_m":345},"geometry":{"type":"LineString","coordinates":[[142.17808,-36.72587],[142.1818,-36.72451]]}},{"type":"Feature","properties":{"name":"Hickson St","surface":"sealed","hierarchy":"Access","length_m":463},"geometry":{"type":"LineString","coordinates":[[142.18882,-36.69967],[142.18937,-36.69967],[142.19068,-36.69998],[142.19393,-36.69996]]}},{"type":"Feature","properties":{"name":"Thornley St","surface":"sealed","hierarchy":"Access","length_m":258},"geometry":{"type":"LineString","coordinates":[[142.17638,-36.71372],[142.17683,-36.71385],[142.17822,-36.71344],[142.17935,-36.71332]]}},{"type":"Feature","properties":{"name":"Mc Tavish Blvd","surface":"sealed","hierarchy":"Collector","length_m":1001},"geometry":{"type":"MultiLineString","coordinates":[[[142.20239,-36.72615],[142.20165,-36.72618],[142.20139,-36.72628]],[[142.20139,-36.72628],[142.20092,-36.72648]],[[142.20092,-36.72648],[142.19959,-36.72706],[142.19926,-36.7275]],[[142.19926,-36.7275],[142.19918,-36.72782]],[[142.19918,-36.72782],[142.1991,-36.72836],[142.19881,-36.72875]],[[142.19881,-36.72875],[142.19825,-36.72903],[142.19738,-36.72907]],[[142.19738,-36.72907],[142.19617,-36.72909]],[[142.19617,-36.72909],[142.19589,-36.72912]],[[142.19589,-36.72912],[142.19506,-36.72924],[142.19455,-36.72941]],[[142.19455,-36.72941],[142.19429,-36.7295]],[[142.19429,-36.7295],[142.19347,-36.72988]]]}},{"type":"Feature","properties":{"name":"Weight Cl","surface":"sealed","hierarchy":"Access","length_m":241},"geometry":{"type":"LineString","coordinates":[[142.19999,-36.72793],[142.20123,-36.72737],[142.20077,-36.72655]]}},{"type":"Feature","properties":{"name":"Victoria Valley Rd","surface":"sealed","hierarchy":"Collector","length_m":4740},"geometry":{"type":"MultiLineString","coordinates":[[[142.23519,-37.03782],[142.2351,-37.05042]],[[142.2351,-37.05042],[142.2351,-37.05105]],[[142.2351,-37.05105],[142.23509,-37.05171]],[[142.23509,-37.05171],[142.23509,-37.05375]],[[142.23509,-37.05375],[142.23509,-37.05503]],[[142.23509,-37.05503],[142.23509,-37.05579]],[[142.23509,-37.05579],[142.23508,-37.05973]],[[142.23508,-37.05973],[142.23504,-37.0667],[142.23541,-37.06751],[142.23644,-37.0683]],[[142.23644,-37.0683],[142.23732,-37.069],[142.23749,-37.06928],[142.23753,-37.06959],[142.23743,-37.0699],[142.23716,-37.0702],[142.2362,-37.07098]],[[142.2362,-37.07098],[142.23551,-37.07153],[142.23516,-37.07192],[142.23497,-37.0723],[142.23485,-37.07305]],[[142.23485,-37.07305],[142.23489,-37.07626]],[[142.23489,-37.07626],[142.23499,-37.07949]],[[142.23499,-37.07949],[142.23491,-37.08255]]]}},{"type":"Feature","properties":{"name":"Clear Lake-Sherwoods Dam Rd","surface":"sealed","hierarchy":"Collector","length_m":17530},"geometry":{"type":"LineString","coordinates":[[141.86674,-36.774],[141.86671,-36.77925],[141.85791,-36.83627],[141.85748,-36.83701],[141.8569,-36.83753],[141.84816,-36.84253],[141.84748,-36.84317],[141.84715,-36.84384],[141.84708,-36.8447],[141.85532,-36.88023],[141.85537,-36.88113],[141.85294,-36.89702],[141.85291,-36.89781],[141.85969,-36.9253]]}},{"type":"Feature","properties":{"name":"Hovey Crt","surface":"sealed","hierarchy":"Access","length_m":131},"geometry":{"type":"LineString","coordinates":[[142.19341,-36.7285],[142.19402,-36.72958]]}},{"type":"Feature","properties":{"name":"Rees Rd","surface":"sealed","hierarchy":"Access","length_m":1405},"geometry":{"type":"LineString","coordinates":[[142.02181,-37.09761],[142.04757,-37.10024],[142.06622,-37.09759],[142.0666,-37.09736],[142.06681,-37.09704]]}},{"type":"Feature","properties":{"name":"Ballinger St","surface":"sealed","hierarchy":"Access","length_m":819},"geometry":{"type":"LineString","coordinates":[[142.18732,-36.73341],[142.18738,-36.74084]]}},{"type":"Feature","properties":{"name":"Regent St","surface":"sealed","hierarchy":"Access","length_m":605},"geometry":{"type":"LineString","coordinates":[[141.94475,-36.74179],[141.95102,-36.73904]]}},{"type":"Feature","properties":{"name":"Mitchell St","surface":"sealed","hierarchy":"Access","length_m":645},"geometry":{"type":"LineString","coordinates":[[141.94502,-36.73845],[141.94608,-36.73865],[141.94741,-36.74084],[141.94744,-36.74327],[141.94726,-36.74341]]}},{"type":"Feature","properties":{"name":"Jory St","surface":"sealed","hierarchy":"Access","length_m":796},"geometry":{"type":"LineString","coordinates":[[141.94217,-36.74168],[141.94235,-36.7418],[141.95104,-36.74175]]}},{"type":"Feature","properties":{"name":"Tena Ave","surface":"sealed","hierarchy":"Access","length_m":321},"geometry":{"type":"LineString","coordinates":[[142.18257,-36.72267],[142.1833,-36.72271],[142.186,-36.72172]]}},{"type":"Feature","properties":{"name":"Searle St","surface":"sealed","hierarchy":"Access","length_m":700},"geometry":{"type":"LineString","coordinates":[[142.20092,-36.70948],[142.20122,-36.70939],[142.2079,-36.70938]]}},{"type":"Feature","properties":{"name":"Railway Ave","surface":"sealed","hierarchy":"Access","length_m":740},"geometry":{"type":"LineString","coordinates":[[142.19625,-36.70795],[142.20117,-36.70789],[142.20211,-36.70784],[142.20234,-36.70771]]}},{"type":"Feature","properties":{"name":"Harriett Street","surface":"sealed","hierarchy":"Local","length_m":0},"geometry":{"type":"LineString","coordinates":[[142.20086,-36.70874],[142.20802,-36.70866]]}},{"type":"Feature","properties":{"name":"Hamilton Rd","surface":"sealed","hierarchy":"Collector","length_m":475},"geometry":{"type":"MultiLineString","coordinates":[[[142.20544,-36.73876],[142.20511,-36.7396],[142.20431,-36.74087]],[[142.20544,-36.73533],[142.20531,-36.73383],[142.20522,-36.7337],[142.20502,-36.73363]],[[142.20544,-36.73533],[142.20558,-36.73778],[142.20544,-36.73876]],[[142.20544,-36.73876],[142.20559,-36.73897],[142.20557,-36.74085]],[[142.20602,-36.73384],[142.20559,-36.73463],[142.20544,-36.73533]]]}},{"type":"Feature","properties":{"name":"Main St","surface":"sealed","hierarchy":"Access","length_m":360},"geometry":{"type":"MultiLineString","coordinates":[[[141.93628,-36.74424],[141.93613,-36.74396],[141.93896,-36.74268]],[[141.93698,-36.74397],[141.93916,-36.743]],[[141.93896,-36.74268],[141.93999,-36.74223]],[[141.93896,-36.74268],[141.93916,-36.743]],[[141.93916,-36.743],[141.9402,-36.74254]],[[141.93999,-36.74223],[141.9411,-36.74173]],[[141.93999,-36.74223],[141.9402,-36.74254]],[[141.9402,-36.74254],[141.94407,-36.74084]],[[141.94407,-36.74084],[141.95073,-36.73788]],[[141.94407,-36.74084],[141.94409,-36.74043],[141.95052,-36.73763],[141.95073,-36.73788]],[[141.95073,-36.73788],[141.95121,-36.73762]],[[142.35768,-36.6078],[142.36014,-36.60784]]]}},{"type":"Feature","properties":{"name":"Church St","surface":"sealed","hierarchy":"Access","length_m":330},"geometry":{"type":"MultiLineString","coordinates":[[[142.11746,-36.58324],[142.12007,-36.58677]],[[142.35769,-36.60683],[142.35799,-36.60674],[142.36014,-36.60674]]]}},{"type":"Feature","properties":{"name":"Meyers Rd","surface":"sealed","hierarchy":"Access","length_m":2507},"geometry":{"type":"LineString","coordinates":[[141.93228,-36.66109],[141.94249,-36.66109],[141.94372,-36.66128],[141.94464,-36.66167],[141.94527,-36.66212],[141.94691,-36.66401],[141.94761,-36.66452],[141.9482,-36.66479],[141.94894,-36.665],[141.95677,-36.66579],[141.95779,-36.66591],[141.95805,-36.66603]]}},{"type":"Feature","properties":{"name":"Grahams Bridge Rd","surface":"sealed","hierarchy":"Access","length_m":5515},"geometry":{"type":"MultiLineString","coordinates":[[[142.21249,-36.74083],[142.21249,-36.74401]],[[142.21249,-36.74401],[142.21247,-36.74541]],[[142.21247,-36.74541],[142.21246,-36.74595]],[[142.21246,-36.74595],[142.21243,-36.74795]],[[142.21243,-36.74795],[142.21243,-36.74949]],[[142.21243,-36.74949],[142.21244,-36.75039]],[[142.21244,-36.75039],[142.21245,-36.75184]],[[142.21245,-36.75184],[142.21245,-36.75379]],[[142.21245,-36.75379],[142.21242,-36.75624]],[[142.21242,-36.75624],[142.21242,-36.75719]],[[142.21242,-36.75719],[142.21235,-36.7678]],[[142.21235,-36.7678],[142.21235,-36.77043]],[[142.21235,-36.77043],[142.21235,-36.77337]],[[142.23571,-36.94583],[142.23563,-36.94604]],[[142.23563,-36.94604],[142.23552,-36.94634]],[[142.23552,-36.94634],[142.23543,-36.9466]],[[142.23543,-36.9466],[142.23541,-36.94696]],[[142.23541,-36.94696],[142.23539,-36.94814]],[[142.23528,-37.02273],[142.23521,-37.03111]],[[142.23521,-37.03111],[142.23519,-37.03782]]]}},{"type":"Feature","properties":{"name":"Joys Rd","surface":"sealed","hierarchy":"Access","length_m":447},"geometry":{"type":"LineString","coordinates":[[142.46169,-36.74538],[142.46238,-36.74569],[142.46469,-36.7465]]}},{"type":"Feature","properties":{"name":"Burnett St","surface":"sealed","hierarchy":"Access","length_m":277},"geometry":{"type":"LineString","coordinates":[[142.19697,-36.72583],[142.1977,-36.7269],[142.19868,-36.72752],[142.19921,-36.72762]]}},{"type":"Feature","properties":{"name":"Hogan Court","surface":"sealed","hierarchy":"Local","length_m":0},"geometry":{"type":"LineString","coordinates":[[142.21106,-36.72721],[142.21111,-36.72787],[142.21162,-36.72795]]}},{"type":"Feature","properties":{"name":"Luker St","surface":"sealed","hierarchy":"Access","length_m":185},"geometry":{"type":"LineString","coordinates":[[142.17575,-36.71464],[142.17609,-36.71482],[142.17679,-36.71618]]}},{"type":"Feature","properties":{"name":"Fultons Rd","surface":"sealed","hierarchy":"Access","length_m":880},"geometry":{"type":"MultiLineString","coordinates":[[[142.13555,-36.76283],[142.13556,-36.77024]],[[142.13556,-36.77024],[142.13558,-36.77153]]]}},{"type":"Feature","properties":{"name":"College Avenue","surface":"sealed","hierarchy":"Local","length_m":0},"geometry":{"type":"LineString","coordinates":[[142.27805,-36.67096],[142.27876,-36.6701],[142.27913,-36.66985],[142.27995,-36.66974],[142.30601,-36.6696]]}},{"type":"Feature","properties":{"name":"Orchard Drive","surface":"sealed","hierarchy":"Local","length_m":0},"geometry":{"type":"LineString","coordinates":[[142.3054,-36.66328],[142.30538,-36.66446],[142.30561,-36.66472],[142.30566,-36.66509],[142.30568,-36.66961]]}},{"type":"Feature","properties":{"name":"Howards Rd","surface":"sealed","hierarchy":"Access","length_m":330},"geometry":{"type":"MultiLineString","coordinates":[[[142.11523,-36.94081],[142.11727,-36.94084]],[[142.11727,-36.94084],[142.11894,-36.94086]]]}},{"type":"Feature","properties":{"name":"Front Drive","surface":"sealed","hierarchy":"Local","length_m":0},"geometry":{"type":"MultiLineString","coordinates":[[[142.30323,-36.66753],[142.30311,-36.66716],[142.30319,-36.66708]],[[142.30322,-36.66965],[142.30323,-36.66753]],[[142.30333,-36.66727],[142.30323,-36.66753]]]}},{"type":"Feature","properties":{"name":"Campus Drive","surface":"sealed","hierarchy":"Local","length_m":0},"geometry":{"type":"MultiLineString","coordinates":[[[142.3012,-36.6671],[142.30283,-36.66708]],[[142.30283,-36.66708],[142.30328,-36.66708]],[[142.30333,-36.66727],[142.30324,-36.66731],[142.30283,-36.66708]],[[142.30328,-36.66708],[142.30363,-36.66708]],[[142.30328,-36.66708],[142.30336,-36.66716],[142.30333,-36.66727]],[[142.30363,-36.66708],[142.30333,-36.66727]],[[142.30363,-36.66708],[142.30566,-36.66706]]]}},{"type":"Feature","properties":{"name":"West Rd","surface":"sealed","hierarchy":"Access","length_m":3080},"geometry":{"type":"MultiLineString","coordinates":[[[142.26724,-36.72377],[142.26723,-36.72658]],[[142.26723,-36.72658],[142.26721,-36.73761]],[[142.26711,-36.75794],[142.2671,-36.76191]],[[142.2671,-36.76191],[142.26708,-36.77054]],[[142.30008,-36.66964],[142.3001,-36.66642],[142.30019,-36.66631]]]}},{"type":"Feature","properties":{"name":"Poultry Crescent","surface":"sealed","hierarchy":"Local","length_m":0},"geometry":{"type":"LineString","coordinates":[[142.30566,-36.66706],[142.30769,-36.66707]]}},{"type":"Feature","properties":{"name":"Farm Road","surface":"sealed","hierarchy":"Local","length_m":0},"geometry":{"type":"LineString","coordinates":[[142.30402,-36.66708],[142.30402,-36.66629],[142.30452,-36.66546],[142.30462,-36.66515],[142.30457,-36.6646],[142.30652,-36.66455]]}},{"type":"Feature","properties":{"name":"Tuckers Rd","surface":"sealed","hierarchy":"Access","length_m":7240},"geometry":{"type":"MultiLineString","coordinates":[[[142.09924,-36.73912],[142.09935,-36.75102],[142.0993,-36.75757],[142.09942,-36.76625]],[[142.09942,-36.76625],[142.09946,-36.77128],[142.09898,-36.77135],[142.09847,-36.77154]],[[142.09847,-36.77154],[142.09829,-36.77161]],[[142.09829,-36.77161],[142.09766,-36.77177],[142.09647,-36.77242]],[[142.0992,-36.77255],[142.09946,-36.77285],[142.09952,-36.77385],[142.09949,-36.7767],[142.09965,-36.77695]],[[142.32106,-36.60762],[142.3211,-36.61529]],[[142.3211,-36.61529],[142.32112,-36.61749]],[[142.32112,-36.61749],[142.32117,-36.62687],[142.32128,-36.631]],[[142.32128,-36.631],[142.32129,-36.63172]],[[142.32129,-36.63172],[142.32136,-36.6446]],[[142.32136,-36.6446],[142.32137,-36.65901],[142.31696,-36.65897],[142.31685,-36.65906],[142.31682,-36.66289]]]}},{"type":"Feature","properties":{"name":"Freds Rd","surface":"sealed","hierarchy":"Access","length_m":853},"geometry":{"type":"LineString","coordinates":[[142.27829,-36.67064],[142.27822,-36.67051],[142.27803,-36.64737],[142.27809,-36.6472],[142.27828,-36.64703]]}},{"type":"Feature","properties":{"name":"Mt Arapiles Summit Road","surface":"sealed","hierarchy":"Sub-arterial","length_m":0},"geometry":{"type":"MultiLineString","coordinates":[[[141.83316,-36.75117],[141.83265,-36.75078],[141.83311,-36.75037]],[[141.83316,-36.75117],[141.83325,-36.75103],[141.83347,-36.751],[141.83402,-36.75117]],[[141.83316,-36.75117],[141.83313,-36.75146],[141.83382,-36.75225],[141.83535,-36.75297],[141.83562,-36.75335],[141.83576,-36.75392],[141.83607,-36.75461],[141.83687,-36.75578],[141.83687,-36.75596],[141.83609,-36.75693],[141.8354,-36.75752],[141.83492,-36.75825],[141.83502,-36.75847],[141.83563,-36.75874],[141.83651,-36.75871],[141.83682,-36.75877],[141.83692,-36.75891],[141.83694,-36.75946],[141.83718,-36.7599],[141.83719,-36.76018],[141.83661,-36.7613],[141.83586,-36.76163],[141.83489,-36.76234],[141.83471,-36.76261],[141.83474,-36.76288],[141.83519,-36.76323],[141.83627,-36.7637],[141.83669,-36.76397],[141.83691,-36.76575],[141.83703,-36.76594],[141.83753,-36.76633],[141.83808,-36.76659],[141.83914,-36.76663],[141.84151,-36.76764],[141.84309,-36.76804],[141.84406,-36.76862],[141.8443,-36.76897],[141.84444,-36.76937],[141.84471,-36.77205],[141.84505,-36.77264],[141.84563,-36.77317],[141.84608,-36.77344],[141.8468,-36.77374],[141.8475,-36.77381],[141.84943,-36.77367],[141.85012,-36.77378],[141.85877,-36.77667],[141.85968,-36.77707]]]}},{"type":"Feature","properties":{"name":"Karingal Cres","surface":"sealed","hierarchy":"Access","length_m":361},"geometry":{"type":"LineString","coordinates":[[142.18048,-36.71307],[142.18098,-36.71449],[142.1809,-36.71515],[142.18061,-36.71551],[142.17986,-36.71583]]}},{"type":"Feature","properties":{"name":"Morson Street","surface":"sealed","hierarchy":"Local","length_m":0},"geometry":{"type":"LineString","coordinates":[[142.18523,-36.71307],[142.18523,-36.71481]]}},{"type":"Feature","properties":{"name":"Carter St","surface":"sealed","hierarchy":"Access","length_m":273},"geometry":{"type":"LineString","coordinates":[[142.18614,-36.71308],[142.18614,-36.71559]]}},{"type":"Feature","properties":{"name":"Golton Rd","surface":"sealed","hierarchy":"Access","length_m":7355},"geometry":{"type":"MultiLineString","coordinates":[[[142.44964,-36.80408],[142.44964,-36.81974]],[[142.44964,-36.81974],[142.44965,-36.8354]],[[142.44965,-36.8354],[142.44964,-36.84755]],[[142.44964,-36.84755],[142.44964,-36.8511]],[[142.44964,-36.8511],[142.44964,-36.85898]],[[142.44964,-36.85898],[142.44964,-36.87409],[142.44955,-36.87433],[142.44926,-36.87458]]]}},{"type":"Feature","properties":{"name":"Houston St","surface":"sealed","hierarchy":"Access","length_m":446},"geometry":{"type":"LineString","coordinates":[[142.18925,-36.70265],[142.1893,-36.70294],[142.1895,-36.70325],[142.18954,-36.70679]]}},{"type":"Feature","properties":{"name":"East Lane","surface":"sealed","hierarchy":"Local","length_m":0},"geometry":{"type":"LineString","coordinates":[[142.30452,-36.66546],[142.30476,-36.6656],[142.30476,-36.66629]]}},{"type":"Feature","properties":{"name":"Glenister Pl","surface":"sealed","hierarchy":"Access","length_m":110},"geometry":{"type":"LineString","coordinates":[[142.21255,-36.70243],[142.21256,-36.70343]]}},{"type":"Feature","properties":{"name":"Cameron Road N","surface":"sealed","hierarchy":"Local","length_m":0},"geometry":{"type":"LineString","coordinates":[[142.22329,-36.69709],[142.22343,-36.69743],[142.22344,-36.70436]]}},{"type":"Feature","properties":{"name":"Young St","surface":"sealed","hierarchy":"Access","length_m":409},"geometry":{"type":"LineString","coordinates":[[142.20688,-36.72717],[142.21214,-36.72722]]}},{"type":"Feature","properties":{"name":"Derry Pde","surface":"sealed","hierarchy":"Access","length_m":430},"geometry":{"type":"MultiLineString","coordinates":[[[142.20549,-36.73297],[142.20852,-36.73299]],[[142.20852,-36.73299],[142.21119,-36.73301]],[[142.21119,-36.73301],[142.21592,-36.73304]]]}},{"type":"Feature","properties":{"name":"Burnlea Dr","surface":"sealed","hierarchy":"Access","length_m":375},"geometry":{"type":"LineString","coordinates":[[142.2069,-36.73105],[142.20866,-36.73111],[142.209,-36.73086],[142.2093,-36.73002],[142.20959,-36.72987],[142.21025,-36.7298]]}},{"type":"Feature","properties":{"name":"Bradshaw St","surface":"sealed","hierarchy":"Access","length_m":218},"geometry":{"type":"LineString","coordinates":[[142.20352,-36.72419],[142.20364,-36.7261]]}},{"type":"Feature","properties":{"name":"River Rd","surface":"sealed","hierarchy":"Access","length_m":1034},"geometry":{"type":"LineString","coordinates":[[142.20228,-36.72386],[142.20273,-36.73334]]}},{"type":"Feature","properties":{"name":"Ashwin Cl","surface":"sealed","hierarchy":"Access","length_m":165},"geometry":{"type":"MultiLineString","coordinates":[[[142.19434,-36.71866],[142.19404,-36.71872],[142.19399,-36.71863],[142.19419,-36.71843],[142.19445,-36.71838],[142.19434,-36.71866]],[[142.19434,-36.71866],[142.19466,-36.71891]]]}},{"type":"Feature","properties":{"name":"Mc Bryde St","surface":"sealed","hierarchy":"Access","length_m":233},"geometry":{"type":"LineString","coordinates":[[142.20498,-36.71966],[142.20568,-36.71938],[142.21061,-36.71939]]}},{"type":"Feature","properties":{"name":"Plant Ave","surface":"sealed","hierarchy":"Access","length_m":81},"geometry":{"type":"LineString","coordinates":[[142.20534,-36.72445],[142.20623,-36.72443]]}},{"type":"Feature","properties":{"name":"Peach Ave","surface":"sealed","hierarchy":"Access","length_m":101},"geometry":{"type":"LineString","coordinates":[[142.21015,-36.73573],[142.20919,-36.73644]]}},{"type":"Feature","properties":{"name":"Horsham-Wal Wal Rd","surface":"sealed","hierarchy":"Link","length_m":12850},"geometry":{"type":"LineString","coordinates":[[142.50949,-36.81169],[142.50667,-36.81186],[142.48373,-36.81183],[142.46027,-36.81179],[142.45741,-36.81159],[142.433,-36.81159],[142.42961,-36.81203],[142.39755,-36.81203],[142.39694,-36.81212],[142.39593,-36.81254],[142.39533,-36.813],[142.39492,-36.81371],[142.39482,-36.81426],[142.39481,-36.81819],[142.39468,-36.81884],[142.39449,-36.81926],[142.39387,-36.81995],[142.3893,-36.82251],[142.3812,-36.82559],[142.38013,-36.82591],[142.37971,-36.82597],[142.37649,-36.82603],[142.37597,-36.82616],[142.37543,-36.82652]]}},{"type":"Feature","properties":{"name":"Palk St","surface":"sealed","hierarchy":"Access","length_m":590},"geometry":{"type":"LineString","coordinates":[[142.20318,-36.70806],[142.20965,-36.70804],[142.20978,-36.70811]]}},{"type":"Feature","properties":{"name":"Remlaw Bus Loop","surface":"sealed","hierarchy":"Local","length_m":0},"geometry":{"type":"LineString","coordinates":[[142.18647,-36.70896],[142.18635,-36.70917],[142.18511,-36.70955],[142.18478,-36.70947]]}},{"type":"Feature","properties":{"name":"Andrew St","surface":"sealed","hierarchy":"Access","length_m":184},"geometry":{"type":"LineString","coordinates":[[142.1985,-36.71072],[142.20054,-36.7107]]}},{"type":"Feature","properties":{"name":"David St","surface":"sealed","hierarchy":"Access","length_m":388},"geometry":{"type":"LineString","coordinates":[[142.19851,-36.70791],[142.19847,-36.71151]]}},{"type":"Feature","properties":{"name":"Henry St","surface":"sealed","hierarchy":"Access","length_m":358},"geometry":{"type":"LineString","coordinates":[[142.19626,-36.70974],[142.2005,-36.70971],[142.20092,-36.70948]]}},{"type":"Feature","properties":{"name":"Lawsons Rd","surface":"sealed","hierarchy":"Access","length_m":578},"geometry":{"type":"LineString","coordinates":[[142.15729,-36.54722],[142.16349,-36.54721]]}},{"type":"Feature","properties":{"name":"John St","surface":"sealed","hierarchy":"Access","length_m":389},"geometry":{"type":"LineString","coordinates":[[142.19625,-36.70882],[142.20021,-36.70881],[142.20086,-36.70874]]}},{"type":"Feature","properties":{"name":"Banool St","surface":"sealed","hierarchy":"Access","length_m":294},"geometry":{"type":"LineString","coordinates":[[142.17648,-36.71981],[142.17788,-36.72224]]}},{"type":"Feature","properties":{"name":"Plumpton Rd","surface":"sealed","hierarchy":"Access","length_m":1645},"geometry":{"type":"MultiLineString","coordinates":[[[142.17803,-36.73345],[142.18017,-36.73344]],[[142.18017,-36.73344],[142.18371,-36.73342]],[[142.18371,-36.73342],[142.18601,-36.73341]],[[142.18601,-36.73341],[142.18841,-36.7334]],[[142.18841,-36.7334],[142.19155,-36.73339]],[[142.19155,-36.73339],[142.19427,-36.73338]],[[142.19427,-36.73338],[142.19567,-36.73337]],[[142.19567,-36.73337],[142.19651,-36.73337]]]}},{"type":"Feature","properties":{"name":"Wicklow Dr","surface":"sealed","hierarchy":"Access","length_m":101},"geometry":{"type":"LineString","coordinates":[[142.18707,-36.70174],[142.18588,-36.70175]]}},{"type":"Feature","properties":{"name":"Carmichaels Rd","surface":"sealed","hierarchy":"Access","length_m":2730},"geometry":{"type":"MultiLineString","coordinates":[[[142.10515,-36.7738],[142.10557,-36.77405],[142.10573,-36.77406]],[[142.10573,-36.77406],[142.10596,-36.77404]],[[142.10596,-36.77404],[142.11435,-36.77337]],[[142.11435,-36.77337],[142.12134,-36.7728],[142.12375,-36.7725],[142.13039,-36.77202],[142.13485,-36.77183]]]}},{"type":"Feature","properties":{"name":"Bodey Crt","surface":"sealed","hierarchy":"Access","length_m":151},"geometry":{"type":"LineString","coordinates":[[142.18124,-36.7119],[142.18155,-36.71256],[142.18166,-36.71321]]}},{"type":"Feature","properties":{"name":"Landt Pl","surface":"sealed","hierarchy":"Access","length_m":82},"geometry":{"type":"LineString","coordinates":[[142.21167,-36.7015],[142.21172,-36.70199],[142.21204,-36.70221]]}},{"type":"Feature","properties":{"name":"North East Wonwondah Rd","surface":"sealed","hierarchy":"Link","length_m":8510},"geometry":{"type":"LineString","coordinates":[[142.1376,-36.87708],[142.14495,-36.87784],[142.2114,-36.87815],[142.21403,-36.87802],[142.23096,-36.87812],[142.23147,-36.87803],[142.23192,-36.87782],[142.2326,-36.87716]]}},{"type":"Feature","properties":{"name":"Drummond St","surface":"sealed","hierarchy":"Collector","length_m":600},"geometry":{"type":"LineString","coordinates":[[142.17807,-36.72218],[142.17809,-36.72793]]}},{"type":"Feature","properties":{"name":"Spry Crt","surface":"sealed","hierarchy":"Access","length_m":45},"geometry":{"type":"LineString","coordinates":[[142.19423,-36.72029],[142.1948,-36.72054]]}},{"type":"Feature","properties":{"name":"Rushbrook Cl","surface":"sealed","hierarchy":"Access","length_m":162},"geometry":{"type":"MultiLineString","coordinates":[[[142.19694,-36.72015],[142.19693,-36.72026]],[[142.19694,-36.72015],[142.1985,-36.72009]],[[142.19695,-36.71997],[142.19694,-36.72015]]]}},{"type":"Feature","properties":{"name":"Eastgate Dr","surface":"sealed","hierarchy":"Collector","length_m":640},"geometry":{"type":"LineString","coordinates":[[142.19503,-36.7244],[142.19593,-36.72416],[142.19614,-36.72405],[142.19631,-36.72378],[142.19592,-36.72228],[142.19617,-36.72151],[142.19639,-36.72118],[142.19711,-36.72071],[142.19757,-36.7206],[142.1985,-36.72054]]}},{"type":"Feature","properties":{"name":"Tydeman St","surface":"sealed","hierarchy":"Access","length_m":356},"geometry":{"type":"LineString","coordinates":[[142.18344,-36.72542],[142.18725,-36.72397]]}},{"type":"Feature","properties":{"name":"Edgar St","surface":"sealed","hierarchy":"Access","length_m":82},"geometry":{"type":"LineString","coordinates":[[142.18615,-36.71367],[142.18727,-36.71368]]}},{"type":"Feature","properties":{"name":"Eldridge Ct","surface":"sealed","hierarchy":"Access","length_m":66},"geometry":{"type":"LineString","coordinates":[[142.19003,-36.69984],[142.18985,-36.70036]]}},{"type":"Feature","properties":{"name":"Glancy St","surface":"sealed","hierarchy":"Access","length_m":218},"geometry":{"type":"LineString","coordinates":[[142.21262,-36.71257],[142.21264,-36.71469]]}},{"type":"Feature","properties":{"name":"Mackies Rd","surface":"sealed","hierarchy":"Access","length_m":2255},"geometry":{"type":"MultiLineString","coordinates":[[[142.18621,-36.76762],[142.18685,-36.76759],[142.18705,-36.76733],[142.18739,-36.76727]],[[142.18739,-36.76761],[142.20027,-36.76764]],[[142.20027,-36.76764],[142.20411,-36.76765]],[[142.20411,-36.76765],[142.2119,-36.76768]]]}},{"type":"Feature","properties":{"name":"Duncan St","surface":"sealed","hierarchy":"Access","length_m":462},"geometry":{"type":"LineString","coordinates":[[141.93918,-36.74579],[141.94277,-36.74423],[141.94295,-36.74407],[141.94299,-36.7439],[141.94292,-36.7437],[141.94273,-36.7436]]}},{"type":"Feature","properties":{"name":"Moores Rd","surface":"sealed","hierarchy":"Access","length_m":850},"geometry":{"type":"LineString","coordinates":[[142.15651,-36.67176],[142.15673,-36.6716],[142.16383,-36.67161]]}},{"type":"Feature","properties":{"name":"Kurrajong Court","surface":"sealed","hierarchy":"Local","length_m":0},"geometry":{"type":"LineString","coordinates":[[142.19394,-36.71103],[142.19394,-36.7109],[142.19424,-36.71072],[142.19483,-36.71092],[142.19485,-36.71103]]}},{"type":"Feature","properties":{"name":"Fisher Sq","surface":"sealed","hierarchy":"Access","length_m":306},"geometry":{"type":"MultiLineString","coordinates":[[[142.21063,-36.72501],[142.21156,-36.72496]],[[142.21156,-36.72496],[142.21162,-36.72519],[142.2121,-36.7252],[142.2122,-36.72513],[142.2122,-36.7246],[142.21209,-36.72452],[142.21162,-36.72453],[142.21156,-36.72461],[142.21156,-36.72496]]]}},{"type":"Feature","properties":{"name":"Petrie Ln","surface":"sealed","hierarchy":"Access","length_m":20},"geometry":{"type":"LineString","coordinates":[[142.22542,-36.70436],[142.22529,-36.70436]]}},{"type":"Feature","properties":{"name":"King Dr","surface":"sealed","hierarchy":"Access","length_m":474},"geometry":{"type":"LineString","coordinates":[[142.19454,-36.73338],[142.19454,-36.73646],[142.19466,-36.73715],[142.19503,-36.73785]]}},{"type":"Feature","properties":{"name":"Gregory Crt","surface":"sealed","hierarchy":"Access","length_m":260},"geometry":{"type":"LineString","coordinates":[[142.19973,-36.75151],[142.19937,-36.75156],[142.19838,-36.7514],[142.1975,-36.75099]]}},{"type":"Feature","properties":{"name":"Caroline St","surface":"sealed","hierarchy":"Access","length_m":138},"geometry":{"type":"MultiLineString","coordinates":[[[142.20805,-36.7075],[142.20801,-36.70822]],[[142.20801,-36.70822],[142.20802,-36.70889]]]}},{"type":"Feature","properties":{"name":"Darragan Pit Rd","surface":"sealed","hierarchy":"Access","length_m":2070},"geometry":{"type":"MultiLineString","coordinates":[[[141.97121,-36.79063],[141.98144,-36.79164]],[[141.98144,-36.79164],[141.99372,-36.79285]]]}},{"type":"Feature","properties":{"name":"Market Ln","surface":"sealed","hierarchy":"Access","length_m":122},"geometry":{"type":"LineString","coordinates":[[142.19715,-36.71889],[142.19842,-36.71875]]}},{"type":"Feature","properties":{"name":"Exells Rd","surface":"sealed","hierarchy":"Access","length_m":4450},"geometry":{"type":"MultiLineString","coordinates":[[[142.18088,-36.81112],[142.18123,-36.81138],[142.1816,-36.81153],[142.18202,-36.81164],[142.18303,-36.8117],[142.1856,-36.81163],[142.19894,-36.81167]],[[142.19894,-36.81167],[142.2032,-36.81167]],[[142.2032,-36.81167],[142.20341,-36.81167]],[[142.20341,-36.81167],[142.20376,-36.81167]],[[142.20376,-36.81167],[142.21714,-36.81171]],[[142.21714,-36.81171],[142.23043,-36.81176]]]}},{"type":"Feature","properties":{"name":"Flat Rock Rd","surface":"sealed","hierarchy":"Access","length_m":270},"geometry":{"type":"MultiLineString","coordinates":[[[142.39021,-36.86894],[142.39021,-36.86894]],[[142.39638,-36.83623],[142.39604,-36.83657],[142.39515,-36.83693],[142.39483,-36.83732],[142.39483,-36.83783]]]}},{"type":"Feature","properties":{"name":"Hillary St","surface":"sealed","hierarchy":"Collector","length_m":1080},"geometry":{"type":"LineString","coordinates":[[142.17859,-36.71134],[142.17915,-36.71254],[142.17972,-36.71446],[142.17966,-36.71545],[142.18254,-36.72052]]}},{"type":"Feature","properties":{"name":"Noradjuha Silo Rd","surface":"sealed","hierarchy":"Access","length_m":620},"geometry":{"type":"LineString","coordinates":[[141.95833,-36.83125],[141.96354,-36.83179],[141.96496,-36.83148]]}},{"type":"Feature","properties":{"name":"Wonwondah-Dadswells Bridge Rd","surface":"sealed","hierarchy":"Link","length_m":10182},"geometry":{"type":"LineString","coordinates":[[142.42348,-36.85568],[142.42292,-36.85581],[142.42051,-36.85583],[142.37856,-36.85584],[142.3776,-36.85592],[142.37637,-36.85623],[142.37573,-36.85654],[142.37508,-36.85697],[142.36082,-36.86841],[142.35969,-36.86917],[142.3589,-36.86951],[142.35821,-36.86969],[142.35501,-36.87015],[142.3168,-36.8753],[142.31647,-36.87556]]}},{"type":"Feature","properties":{"name":"Millar St","surface":"sealed","hierarchy":"Access","length_m":335},"geometry":{"type":"LineString","coordinates":[[142.19274,-36.70874],[142.19315,-36.7082],[142.19625,-36.7082]]}},{"type":"Feature","properties":{"name":"Winfields Rd","surface":"sealed","hierarchy":"Access","length_m":6333},"geometry":{"type":"MultiLineString","coordinates":[[[142.35812,-36.94601],[142.35815,-36.95608]],[[142.35815,-36.95608],[142.35814,-36.96545]],[[142.35814,-36.96545],[142.35813,-36.9656]],[[142.35815,-36.97312],[142.35814,-36.98026]],[[142.3582,-36.89677],[142.35819,-36.89972]],[[142.35819,-36.89972],[142.35818,-36.90119]],[[142.35818,-36.90119],[142.35817,-36.90328]],[[142.35817,-36.90344],[142.35817,-36.90344]],[[142.35821,-36.86969],[142.3583,-36.87005],[142.3583,-36.8808]],[[142.35824,-36.89239],[142.35822,-36.89354]],[[142.35829,-36.81775],[142.35824,-36.82252]]]}},{"type":"Feature","properties":{"name":"Dyers Rd","surface":"sealed","hierarchy":"Access","length_m":1545},"geometry":{"type":"MultiLineString","coordinates":[[[141.97849,-37.062],[141.98004,-37.06087],[141.9804,-37.06044]],[[141.9804,-37.06044],[141.98044,-37.06019]],[[142.02982,-37.06895],[142.04135,-37.07007]],[[142.04135,-37.07007],[142.04459,-37.07039]]]}},{"type":"Feature","properties":{"name":"Asplins Rd","surface":"sealed","hierarchy":"Access","length_m":3720},"geometry":{"type":"LineString","coordinates":[[142.02831,-36.73799],[142.02847,-36.77041],[142.02854,-36.77312]]}},{"type":"Feature","properties":{"name":"Wail-Dooen Rd","surface":"sealed","hierarchy":"Access","length_m":345},"geometry":{"type":"LineString","coordinates":[[142.10323,-36.50615],[142.10355,-36.50619],[142.10407,-36.50642],[142.10481,-36.50686],[142.10593,-36.50813],[142.10611,-36.50821]]}},{"type":"Feature","properties":{"name":"River Heights Rd","surface":"sealed","hierarchy":"Access","length_m":575},"geometry":{"type":"MultiLineString","coordinates":[[[142.23803,-36.67774],[142.23864,-36.67804]],[[142.23864,-36.67804],[142.24055,-36.67897]],[[142.24055,-36.67897],[142.24064,-36.67902]],[[142.24064,-36.67902],[142.24076,-36.67908]]]}},{"type":"Feature","properties":{"name":"Wombelano Road","surface":"sealed","hierarchy":"Arterial","length_m":0},"geometry":{"type":"LineString","coordinates":[[141.77357,-37.09334],[141.77428,-37.09402],[141.7782,-37.09846],[141.77913,-37.09912],[141.78039,-37.0995],[141.78561,-37.10067],[141.78596,-37.10081],[141.7868,-37.10135],[141.80731,-37.12002],[141.81353,-37.12596],[141.81426,-37.12657],[141.81523,-37.12718],[141.81678,-37.12792],[141.82683,-37.13168],[141.83899,-37.13725],[141.84188,-37.13812],[141.84389,-37.13852]]}},{"type":"Feature","properties":{"name":"Gatehouse Rd","surface":"sealed","hierarchy":"Access","length_m":2985},"geometry":{"type":"MultiLineString","coordinates":[[[142.21808,-36.68231],[142.21824,-36.68231]],[[142.21824,-36.68231],[142.22517,-36.68228]],[[142.22517,-36.68228],[142.22553,-36.68228]],[[142.22553,-36.68228],[142.23015,-36.68226]],[[142.23015,-36.68226],[142.23426,-36.68226],[142.23437,-36.68232]],[[142.23437,-36.68232],[142.23447,-36.68236]]]}},{"type":"Feature","properties":{"name":"Boyle St","surface":"sealed","hierarchy":"Access","length_m":40},"geometry":{"type":"LineString","coordinates":[[142.18832,-36.70034],[142.18881,-36.70034]]}},{"type":"Feature","properties":{"name":"Queen St","surface":"sealed","hierarchy":"Access","length_m":212},"geometry":{"type":"LineString","coordinates":[[142.19978,-36.70061],[142.19979,-36.70261]]}},{"type":"Feature","properties":{"name":"Howard St","surface":"sealed","hierarchy":"Access","length_m":185},"geometry":{"type":"LineString","coordinates":[[142.19891,-36.70025],[142.20125,-36.70024]]}},{"type":"Feature","properties":{"name":"Evelyn Brand Court","surface":"sealed","hierarchy":"Local","length_m":0},"geometry":{"type":"LineString","coordinates":[[142.20652,-36.71398],[142.20668,-36.71409],[142.20735,-36.71403]]}},{"type":"Feature","properties":{"name":"Riley Rd","surface":"sealed","hierarchy":"Access","length_m":1429},"geometry":{"type":"MultiLineString","coordinates":[[[142.16987,-36.69701],[142.17217,-36.69706]],[[142.17217,-36.69706],[142.18128,-36.69702]],[[142.18128,-36.69702],[142.18611,-36.69701]]]}},{"type":"Feature","properties":{"name":"Cook St","surface":"sealed","hierarchy":"Access","length_m":160},"geometry":{"type":"LineString","coordinates":[[142.20601,-36.71613],[142.20588,-36.71592],[142.2059,-36.71578],[142.20601,-36.71572],[142.20737,-36.71577]]}},{"type":"Feature","properties":{"name":"Hopkins Dr","surface":"sealed","hierarchy":"Access","length_m":213},"geometry":{"type":"LineString","coordinates":[[142.20492,-36.71612],[142.20637,-36.71611],[142.20657,-36.71643],[142.20737,-36.71639]]}},{"type":"Feature","properties":{"name":"Hutchinsons Rd","surface":"sealed","hierarchy":"Access","length_m":3330},"geometry":{"type":"MultiLineString","coordinates":[[[142.0119,-36.93454],[142.01126,-36.93886]],[[142.04501,-36.739],[142.04514,-36.76336]],[[142.04514,-36.76336],[142.04519,-36.77009],[142.04524,-36.77018]],[[142.04524,-36.77018],[142.04546,-36.77025],[142.04786,-36.77024]],[[142.04786,-36.77024],[142.05042,-36.77022]],[[142.05042,-36.77022],[142.05244,-36.7702]],[[142.05903,-36.54619],[142.05949,-36.54613]],[[142.05949,-36.54613],[142.06383,-36.54619],[142.06476,-36.5461],[142.06586,-36.5462],[142.06732,-36.54618]],[[142.06732,-36.54618],[142.06794,-36.54617]]]}},{"type":"Feature","properties":{"name":"Kokoda Dr","surface":"sealed","hierarchy":"Access","length_m":1140},"geometry":{"type":"LineString","coordinates":[[142.21249,-36.74398],[142.21322,-36.74406],[142.21349,-36.74425],[142.21449,-36.74529],[142.21464,-36.74554],[142.21469,-36.74607],[142.21438,-36.74822],[142.21489,-36.7509],[142.2148,-36.75121],[142.2146,-36.75149],[142.21432,-36.75167],[142.21362,-36.75182],[142.21245,-36.75182]]}},{"type":"Feature","properties":{"name":"Lanes Ave","surface":"sealed","hierarchy":"Access","length_m":2335},"geometry":{"type":"MultiLineString","coordinates":[[[142.07323,-36.75559],[142.08989,-36.75554]],[[142.08989,-36.75554],[142.09319,-36.75553]],[[142.09319,-36.75553],[142.09934,-36.75552]]]}},{"type":"Feature","properties":{"name":"Obrien Court","surface":"sealed","hierarchy":"Local","length_m":0},"geometry":{"type":"LineString","coordinates":[[142.21649,-36.72255],[142.21705,-36.72255]]}},{"type":"Feature","properties":{"name":"Latus Dr","surface":"sealed","hierarchy":"Access","length_m":240},"geometry":{"type":"LineString","coordinates":[[142.21708,-36.72414],[142.21752,-36.72394],[142.21827,-36.72324],[142.21834,-36.72305],[142.21823,-36.72234]]}},{"type":"Feature","properties":{"name":"Odonnell Court","surface":"sealed","hierarchy":"Local","length_m":0},"geometry":{"type":"LineString","coordinates":[[142.21799,-36.72356],[142.2185,-36.72383]]}},{"type":"Feature","properties":{"name":"Duff St","surface":"sealed","hierarchy":"Collector","length_m":202},"geometry":{"type":"LineString","coordinates":[[142.20239,-36.72615],[142.20502,-36.72607]]}},{"type":"Feature","properties":{"name":"Apricot Ave","surface":"sealed","hierarchy":"Access","length_m":95},"geometry":{"type":"LineString","coordinates":[[142.20774,-36.73388],[142.2069,-36.73457]]}},{"type":"Feature","properties":{"name":"Lake Ave","surface":"sealed","hierarchy":"Access","length_m":1080},"geometry":{"type":"MultiLineString","coordinates":[[[141.92074,-36.68285],[141.92117,-36.68297],[141.92161,-36.68347]],[[141.92161,-36.68347],[141.9222,-36.68413],[141.92221,-36.6843],[141.92259,-36.68451],[141.92461,-36.68654],[141.92489,-36.6867],[141.92502,-36.68702],[141.92541,-36.68756],[141.92583,-36.68934],[141.92667,-36.69022],[141.9271,-36.69082],[141.92742,-36.69108],[141.92773,-36.69106],[141.92789,-36.69121]],[[141.92789,-36.69121],[141.9282,-36.69152]]]}},{"type":"Feature","properties":{"name":"Walshs Rd","surface":"sealed","hierarchy":"Access","length_m":1880},"geometry":{"type":"MultiLineString","coordinates":[[[142.09884,-36.66848],[142.09885,-36.66916]],[[142.09885,-36.66916],[142.09897,-36.69396]],[[142.09897,-36.69396],[142.09897,-36.69413]]]}},{"type":"Feature","properties":{"name":"Wards Rd","surface":"sealed","hierarchy":"Access","length_m":2620},"geometry":{"type":"LineString","coordinates":[[142.16885,-36.75773],[142.16896,-36.75835],[142.16889,-36.76752],[142.18621,-36.76762]]}},{"type":"Feature","properties":{"name":"Plozzas Rd","surface":"sealed","hierarchy":"Access","length_m":1855},"geometry":{"type":"LineString","coordinates":[[142.17532,-36.75286],[142.19616,-36.75297]]}},{"type":"Feature","properties":{"name":"Schurmann St","surface":"sealed","hierarchy":"Access","length_m":152},"geometry":{"type":"LineString","coordinates":[[141.93698,-36.74397],[141.93789,-36.74532]]}},{"type":"Feature","properties":{"name":"Netherway Dr","surface":"sealed","hierarchy":"Access","length_m":140},"geometry":{"type":"LineString","coordinates":[[142.04364,-36.76868],[142.04517,-36.76865]]}},{"type":"Feature","properties":{"name":"Hateleys Rd","surface":"sealed","hierarchy":"Access","length_m":2520},"geometry":{"type":"MultiLineString","coordinates":[[[141.96628,-36.75586],[141.97827,-36.75576]],[[141.97827,-36.75576],[141.98462,-36.75571]]]}},{"type":"Feature","properties":{"name":"East Rd","surface":"sealed","hierarchy":"Access","length_m":3429},"geometry":{"type":"MultiLineString","coordinates":[[[142.30374,-36.71664],[142.30374,-36.7169]],[[142.30366,-36.7366],[142.30365,-36.73787]],[[142.30365,-36.73787],[142.30365,-36.74108]],[[142.30365,-36.74108],[142.30363,-36.74605]],[[142.30363,-36.74605],[142.30361,-36.7522]],[[142.30361,-36.7522],[142.3037,-36.75905],[142.30358,-36.76333],[142.30359,-36.76649]]]}},{"type":"Feature","properties":{"name":"Nixons Rd","surface":"sealed","hierarchy":"Access","length_m":2930},"geometry":{"type":"MultiLineString","coordinates":[[[142.14585,-36.86306],[142.14645,-36.86312],[142.15729,-36.86316]],[[142.15729,-36.86316],[142.17348,-36.86321]],[[142.17348,-36.86321],[142.1755,-36.86321]]]}},{"type":"Feature","properties":{"name":"Mackleys Rd","surface":"sealed","hierarchy":"Access","length_m":1400},"geometry":{"type":"MultiLineString","coordinates":[[[141.94891,-36.62368],[141.97132,-36.62369]],[[142.17108,-36.76752],[142.17226,-36.76909],[142.17273,-36.7695],[142.17295,-36.76961]]]}},{"type":"Feature","properties":{"name":"Webster St","surface":"sealed","hierarchy":"Access","length_m":249},"geometry":{"type":"LineString","coordinates":[[142.21642,-36.70524],[142.21648,-36.7054],[142.21646,-36.70752]]}},{"type":"Feature","properties":{"name":"Buckley St","surface":"sealed","hierarchy":"Access","length_m":145},"geometry":{"type":"LineString","coordinates":[[142.1836,-36.71508],[142.18414,-36.71481],[142.18523,-36.71481]]}},{"type":"Feature","properties":{"name":"Dixon Dr","surface":"sealed","hierarchy":"Access","length_m":106},"geometry":{"type":"LineString","coordinates":[[142.1998,-36.72321],[142.20088,-36.7231]]}},{"type":"Feature","properties":{"name":"Melaleuca Place","surface":"sealed","hierarchy":"Local","length_m":0},"geometry":{"type":"LineString","coordinates":[[142.21626,-36.70901],[142.21627,-36.70982]]}},{"type":"Feature","properties":{"name":"Minyip-Dimboola Road","surface":"sealed","hierarchy":"Sub-arterial","length_m":0},"geometry":{"type":"MultiLineString","coordinates":[[[142.3801,-36.4494],[142.38074,-36.44938]],[[142.38207,-36.44912],[142.39921,-36.44915]],[[142.40015,-36.44914],[142.40383,-36.4491]]]}},{"type":"Feature","properties":{"name":"Macinnes Crt","surface":"sealed","hierarchy":"Access","length_m":116},"geometry":{"type":"LineString","coordinates":[[142.18198,-36.71384],[142.18195,-36.71399],[142.18216,-36.71451],[142.18236,-36.71477]]}},{"type":"Feature","properties":{"name":"Tatlock St","surface":"sealed","hierarchy":"Access","length_m":237},"geometry":{"type":"LineString","coordinates":[[142.17617,-36.71405],[142.17557,-36.7139],[142.17398,-36.71437],[142.17352,-36.71442]]}},{"type":"Feature","properties":{"name":"Colonial Dr","surface":"sealed","hierarchy":"Access","length_m":580},"geometry":{"type":"LineString","coordinates":[[142.17892,-36.7479],[142.18103,-36.74881],[142.18108,-36.74893],[142.18099,-36.74931],[142.18006,-36.75071],[142.18003,-36.75098],[142.17963,-36.75108],[142.17915,-36.75147],[142.17922,-36.75187],[142.17922,-36.7529]]}},{"type":"Feature","properties":{"name":"Mackenzie Crt","surface":"sealed","hierarchy":"Access","length_m":320},"geometry":{"type":"LineString","coordinates":[[142.18103,-36.74881],[142.18168,-36.74876],[142.18205,-36.74859],[142.18231,-36.74835],[142.18242,-36.74817],[142.18257,-36.74699],[142.18269,-36.74665]]}},{"type":"Feature","properties":{"name":"Duchembegarra Rd","surface":"sealed","hierarchy":"Access","length_m":4636},"geometry":{"type":"MultiLineString","coordinates":[[[141.94578,-36.58213],[141.9427,-36.60288],[141.94276,-36.60295],[141.94533,-36.60321],[141.9455,-36.6033],[141.94552,-36.60988]],[[141.94552,-36.60988],[141.94554,-36.61715]],[[141.94554,-36.61715],[141.94554,-36.62333],[141.94579,-36.62353],[141.94867,-36.62351],[141.94891,-36.62368],[141.9489,-36.63252]],[[141.9489,-36.63252],[141.9489,-36.63435]]]}},{"type":"Feature","properties":{"name":"Molyneaux Rd","surface":"sealed","hierarchy":"Access","length_m":300},"geometry":{"type":"MultiLineString","coordinates":[[[142.27809,-36.64537],[142.27789,-36.64525]],[[142.27809,-36.64421],[142.2781,-36.64496],[142.27835,-36.64509],[142.27832,-36.64529],[142.27809,-36.64537]],[[142.27809,-36.64537],[142.27806,-36.64682],[142.27822,-36.647]]]}},{"type":"Feature","properties":{"name":"Motavu Dr","surface":"sealed","hierarchy":"Access","length_m":238},"geometry":{"type":"LineString","coordinates":[[142.19996,-36.69861],[142.2,-36.69938],[142.20044,-36.69942],[142.20065,-36.69917],[142.20156,-36.69938]]}},{"type":"Feature","properties":{"name":"Guy Crt","surface":"sealed","hierarchy":"Access","length_m":39},"geometry":{"type":"LineString","coordinates":[[142.19728,-36.7003],[142.19769,-36.7004]]}},{"type":"Feature","properties":{"name":"Davis Dr","surface":"sealed","hierarchy":"Access","length_m":755},"geometry":{"type":"LineString","coordinates":[[142.20221,-36.69411],[142.2018,-36.69415],[142.20136,-36.69461],[142.19703,-36.69817],[142.19669,-36.6985],[142.19642,-36.69897]]}},{"type":"Feature","properties":{"name":"Flintoff Cl","surface":"sealed","hierarchy":"Access","length_m":72},"geometry":{"type":"LineString","coordinates":[[142.19139,-36.70178],[142.19225,-36.70173]]}},{"type":"Feature","properties":{"name":"Uebergang Crt","surface":"sealed","hierarchy":"Access","length_m":88},"geometry":{"type":"LineString","coordinates":[[142.19034,-36.70182],[142.19028,-36.70205],[142.19036,-36.70264]]}},{"type":"Feature","properties":{"name":"Lukin Crt","surface":"sealed","hierarchy":"Access","length_m":72},"geometry":{"type":"LineString","coordinates":[[142.18918,-36.70121],[142.19005,-36.70097]]}},{"type":"Feature","properties":{"name":"Nunn Crt","surface":"sealed","hierarchy":"Access","length_m":45},"geometry":{"type":"LineString","coordinates":[[142.18872,-36.70173],[142.18926,-36.70173]]}},{"type":"Feature","properties":{"name":"Knight Pl","surface":"sealed","hierarchy":"Access","length_m":84},"geometry":{"type":"LineString","coordinates":[[142.20539,-36.69925],[142.20636,-36.69925]]}},{"type":"Feature","properties":{"name":"Rodda Pl","surface":"sealed","hierarchy":"Access","length_m":105},"geometry":{"type":"LineString","coordinates":[[142.20509,-36.70002],[142.20624,-36.70001]]}},{"type":"Feature","properties":{"name":"Hennessy St","surface":"sealed","hierarchy":"Access","length_m":419},"geometry":{"type":"LineString","coordinates":[[142.2072,-36.69847],[142.2071,-36.70076],[142.20503,-36.70079]]}},{"type":"Feature","properties":{"name":"Watts St","surface":"sealed","hierarchy":"Access","length_m":167},"geometry":{"type":"LineString","coordinates":[[142.20503,-36.70161],[142.20697,-36.70161]]}},{"type":"Feature","properties":{"name":"Mc Millan Crt","surface":"sealed","hierarchy":"Access","length_m":117},"geometry":{"type":"LineString","coordinates":[[142.20971,-36.70224],[142.20978,-36.7025],[142.20991,-36.70261],[142.2106,-36.70293]]}},{"type":"Feature","properties":{"name":"Twycross Crt","surface":"sealed","hierarchy":"Access","length_m":46},"geometry":{"type":"LineString","coordinates":[[142.20872,-36.70353],[142.20889,-36.70348],[142.20914,-36.70325]]}},{"type":"Feature","properties":{"name":"Yulong East West Rd","surface":"sealed","hierarchy":"Access","length_m":2245},"geometry":{"type":"MultiLineString","coordinates":[[[141.97431,-37.17593],[141.97445,-37.17559]],[[141.97445,-37.17559],[141.97469,-37.17534]],[[141.97469,-37.17534],[141.97502,-37.17518]],[[141.97502,-37.17518],[141.9755,-37.17509]],[[141.9755,-37.17509],[141.97545,-37.17506]],[[141.97545,-37.17506],[141.97512,-37.17491],[141.9749,-37.17466],[141.97478,-37.17422]],[[141.9755,-37.17509],[141.97521,-37.17495]],[[141.9755,-37.17509],[141.99689,-37.17718],[141.9971,-37.17667],[141.99746,-37.1741]]]}},{"type":"Feature","properties":{"name":"Oliver Schmidts Rd","surface":"sealed","hierarchy":"Access","length_m":2890},"geometry":{"type":"MultiLineString","coordinates":[[[141.78132,-36.65619],[141.78796,-36.65687]],[[141.78844,-36.65692],[141.7891,-36.65694],[141.7898,-36.65709]],[[141.78985,-36.6571],[141.79553,-36.65763]],[[141.79591,-36.65764],[141.80816,-36.65892]],[[141.81614,-36.65972],[141.81877,-36.65999]],[[141.81877,-36.65999],[141.82489,-36.66061]]]}},{"type":"Feature","properties":{"name":"Pohlners Rd","surface":"sealed","hierarchy":"Access","length_m":80},"geometry":{"type":"LineString","coordinates":[[142.33911,-36.90325],[142.33841,-36.90325]]}},{"type":"Feature","properties":{"name":"Olive Plantation Rd","surface":"sealed","hierarchy":"Access","length_m":3790},"geometry":{"type":"MultiLineString","coordinates":[[[142.35817,-36.92667],[142.3504,-36.92649]],[[142.3504,-36.92649],[142.3387,-36.92623]],[[142.3387,-36.92623],[142.33838,-36.92623]],[[142.33838,-36.92623],[142.33113,-36.92621]]]}},{"type":"Feature","properties":{"name":"Pimpinio Tip Rd","surface":"sealed","hierarchy":"Access","length_m":190},"geometry":{"type":"MultiLineString","coordinates":[[[142.11677,-36.58258],[142.11847,-36.58252]],[[142.11847,-36.58252],[142.11892,-36.5825]]]}},{"type":"Feature","properties":{"name":"Bakers Rd","surface":"sealed","hierarchy":"Access","length_m":1211},"geometry":{"type":"MultiLineString","coordinates":[[[142.13429,-36.58606],[142.13616,-36.58602]],[[142.13616,-36.58602],[142.14887,-36.58581]]]}},{"type":"Feature","properties":{"name":"Velthuis Dr","surface":"sealed","hierarchy":"Access","length_m":602},"geometry":{"type":"LineString","coordinates":[[142.17695,-36.74097],[142.17787,-36.74223],[142.18059,-36.7456]]}},{"type":"Feature","properties":{"name":"Lock Rd","surface":"sealed","hierarchy":"Access","length_m":448},"geometry":{"type":"LineString","coordinates":[[142.1842,-36.7529],[142.18433,-36.7535],[142.1842,-36.75704]]}},{"type":"Feature","properties":{"name":"Gleeson Lane","surface":"sealed","hierarchy":"Access","length_m":231},"geometry":{"type":"LineString","coordinates":[[142.18632,-36.75699],[142.18269,-36.75701]]}},{"type":"Feature","properties":{"name":"Kalkee East Rd","surface":"sealed","hierarchy":"Collector","length_m":10130},"geometry":{"type":"LineString","coordinates":[[142.21299,-36.52787],[142.21363,-36.52798],[142.21421,-36.52796],[142.23864,-36.52349],[142.23968,-36.5234],[142.29999,-36.52301],[142.30551,-36.52307],[142.32484,-36.52297],[142.32521,-36.52303],[142.3256,-36.52322]]}},{"type":"Feature","properties":{"name":"Blue Ribbon Road","surface":"sealed","hierarchy":"Arterial","length_m":0},"geometry":{"type":"LineString","coordinates":[[142.22567,-36.43748],[142.22563,-36.44615],[142.22571,-36.44793],[142.22434,-36.45439],[142.22114,-36.46836],[142.22087,-36.46999],[142.22066,-36.49256],[142.20928,-36.54495],[142.20923,-36.54595],[142.20926,-36.55426],[142.20347,-36.59389],[142.20344,-36.59518],[142.20443,-36.60053],[142.20444,-36.60496],[142.20475,-36.60944],[142.20485,-36.63876],[142.20476,-36.64084],[142.2049,-36.66782],[142.20213,-36.68236],[142.20224,-36.69697]]}},{"type":"Feature","properties":{"name":"Kalkee School Rd","surface":"sealed","hierarchy":"Access","length_m":1730},"geometry":{"type":"LineString","coordinates":[[142.21077,-36.53799],[142.23013,-36.53798]]}},{"type":"Feature","properties":{"name":"Tooan-Mitre Rd","surface":"sealed","hierarchy":"Collector","length_m":9950},"geometry":{"type":"LineString","coordinates":[[141.7819,-36.72814],[141.78023,-36.73894],[141.77993,-36.73995],[141.77931,-36.74083],[141.77867,-36.7414],[141.77687,-36.74252],[141.77605,-36.74317],[141.77536,-36.74393],[141.77116,-36.74924],[141.76984,-36.75199],[141.76925,-36.75304],[141.76896,-36.75338],[141.7665,-36.75531],[141.76596,-36.7561],[141.76572,-36.75713],[141.76406,-36.76838],[141.76406,-36.76883],[141.76416,-36.76935],[141.76464,-36.77015],[141.7794,-36.78695],[141.77998,-36.78742],[141.78249,-36.78867],[141.78302,-36.78903],[141.78381,-36.78971],[141.78853,-36.79445],[141.79727,-36.80041],[141.7982,-36.80116],[141.79979,-36.80308]]}},{"type":"Feature","properties":{"name":"Barnett Place","surface":"sealed","hierarchy":"Local","length_m":0},"geometry":{"type":"LineString","coordinates":[[142.18324,-36.71756],[142.18301,-36.71752]]}},{"type":"Feature","properties":{"name":"Pioneer Crt","surface":"sealed","hierarchy":"Access","length_m":120},"geometry":{"type":"LineString","coordinates":[[142.19349,-36.70146],[142.1935,-36.70263]]}},{"type":"Feature","properties":{"name":"Kirwood St","surface":"sealed","hierarchy":"Access","length_m":213},"geometry":{"type":"LineString","coordinates":[[142.17851,-36.71841],[142.17904,-36.71834],[142.18089,-36.71765]]}},{"type":"Feature","properties":{"name":"Dumesny St","surface":"sealed","hierarchy":"Access","length_m":589},"geometry":{"type":"LineString","coordinates":[[142.17966,-36.71545],[142.17811,-36.71569],[142.17506,-36.71686],[142.17337,-36.71716]]}},{"type":"Feature","properties":{"name":"Wirth Crt","surface":"sealed","hierarchy":"Access","length_m":132},"geometry":{"type":"LineString","coordinates":[[142.17735,-36.71466],[142.17755,-36.71534],[142.17779,-36.71581]]}},{"type":"Feature","properties":{"name":"Dollar Ave","surface":"sealed","hierarchy":"Access","length_m":419},"geometry":{"type":"LineString","coordinates":[[142.17808,-36.72463],[142.18254,-36.72299]]}},{"type":"Feature","properties":{"name":"Johnson St","surface":"sealed","hierarchy":"Access","length_m":272},"geometry":{"type":"LineString","coordinates":[[142.21081,-36.70889],[142.21414,-36.70888]]}},{"type":"Feature","properties":{"name":"School Rd","surface":"sealed","hierarchy":"Collector","length_m":6265},"geometry":{"type":"LineString","coordinates":[[142.28548,-36.7091],[142.28529,-36.77998],[142.28516,-36.78019]]}},{"type":"Feature","properties":{"name":"Jung Recreation Reserve Rd","surface":"sealed","hierarchy":"Access","length_m":1975},"geometry":{"type":"MultiLineString","coordinates":[[[142.3599,-36.6019],[142.37178,-36.60186]],[[142.37178,-36.60186],[142.37805,-36.60184]],[[142.37805,-36.60184],[142.37865,-36.60184],[142.37891,-36.60191],[142.37913,-36.60219],[142.37908,-36.60234],[142.37853,-36.60271],[142.37774,-36.60302],[142.37757,-36.60317],[142.37748,-36.60354],[142.37755,-36.60372]]]}},{"type":"Feature","properties":{"name":"Taylors Lake East Rd","surface":"sealed","hierarchy":"Access","length_m":45},"geometry":{"type":"LineString","coordinates":[[142.43134,-36.768],[142.43084,-36.768]]}},{"type":"Feature","properties":{"name":"Edmonds Crt","surface":"sealed","hierarchy":"Access","length_m":80},"geometry":{"type":"LineString","coordinates":[[142.2141,-36.72519],[142.21512,-36.72518]]}},{"type":"Feature","properties":{"name":"Lindners Rd","surface":"sealed","hierarchy":"Access","length_m":3300},"geometry":{"type":"MultiLineString","coordinates":[[[142.08118,-36.738],[142.08126,-36.75434]],[[142.08126,-36.75434],[142.08127,-36.75678]],[[142.08127,-36.75678],[142.08128,-36.75878]],[[142.08128,-36.75878],[142.08131,-36.7673]]]}},{"type":"Feature","properties":{"name":"Rokeskys Rd","surface":"sealed","hierarchy":"Access","length_m":140},"geometry":{"type":"LineString","coordinates":[[142.26724,-36.7225],[142.26724,-36.72377]]}},{"type":"Feature","properties":{"name":"Mc Combe Crt","surface":"sealed","hierarchy":"Access","length_m":108},"geometry":{"type":"LineString","coordinates":[[142.19419,-36.72758],[142.19469,-36.72845]]}},{"type":"Feature","properties":{"name":"Schwarz Ave","surface":"sealed","hierarchy":"Access","length_m":261},"geometry":{"type":"LineString","coordinates":[[142.18415,-36.71571],[142.18457,-36.71559],[142.18726,-36.71558]]}},{"type":"Feature","properties":{"name":"Freight Terminal Rd","surface":"sealed","hierarchy":"Access","length_m":1658},"geometry":{"type":"LineString","coordinates":[[142.25938,-36.64554],[142.27663,-36.64549],[142.27789,-36.64525],[142.27791,-36.64506],[142.2781,-36.64496]]}},{"type":"Feature","properties":{"name":"Dixon Crt","surface":"sealed","hierarchy":"Access","length_m":58},"geometry":{"type":"LineString","coordinates":[[142.17114,-36.72969],[142.17093,-36.72909]]}},{"type":"Feature","properties":{"name":"Coutts St","surface":"sealed","hierarchy":"Access","length_m":147},"geometry":{"type":"LineString","coordinates":[[142.20958,-36.72473],[142.20941,-36.72428],[142.2094,-36.72335]]}},{"type":"Feature","properties":{"name":"Perkins Crt","surface":"sealed","hierarchy":"Access","length_m":112},"geometry":{"type":"LineString","coordinates":[[142.1911,-36.7009],[142.19181,-36.70084],[142.19232,-36.70091]]}},{"type":"Feature","properties":{"name":"Jervis St","surface":"sealed","hierarchy":"Access","length_m":278},"geometry":{"type":"LineString","coordinates":[[142.19918,-36.73609],[142.19898,-36.73576],[142.19895,-36.73336]]}},{"type":"Feature","properties":{"name":"Bullen Crt","surface":"sealed","hierarchy":"Access","length_m":109},"geometry":{"type":"LineString","coordinates":[[142.17699,-36.7269],[142.17687,-36.7273],[142.1764,-36.72772]]}},{"type":"Feature","properties":{"name":"Austin St","surface":"sealed","hierarchy":"Access","length_m":162},"geometry":{"type":"LineString","coordinates":[[142.20644,-36.7044],[142.20645,-36.70599]]}},{"type":"Feature","properties":{"name":"Gross Court","surface":"sealed","hierarchy":"Local","length_m":0},"geometry":{"type":"LineString","coordinates":[[142.21657,-36.70899],[142.21656,-36.70928]]}},{"type":"Feature","properties":{"name":"Olga Ave","surface":"sealed","hierarchy":"Access","length_m":160},"geometry":{"type":"LineString","coordinates":[[142.21214,-36.70988],[142.21415,-36.70988]]}},{"type":"Feature","properties":{"name":"Finlayson Crt","surface":"sealed","hierarchy":"Access","length_m":143},"geometry":{"type":"LineString","coordinates":[[142.18047,-36.72586],[142.18041,-36.72677],[142.18049,-36.72718]]}},{"type":"Feature","properties":{"name":"Calder Crt","surface":"sealed","hierarchy":"Access","length_m":51},"geometry":{"type":"LineString","coordinates":[[142.21173,-36.70312],[142.21147,-36.70334],[142.21136,-36.70354]]}},{"type":"Feature","properties":{"name":"Horsham-Minyip Road","surface":"sealed","hierarchy":"Arterial","length_m":0},"geometry":{"type":"LineString","coordinates":[[142.34598,-36.50231],[142.34665,-36.50247],[142.39049,-36.50248],[142.39114,-36.50239],[142.39874,-36.50052],[142.40015,-36.50042]]}},{"type":"Feature","properties":{"name":"Sinclair Pl","surface":"sealed","hierarchy":"Access","length_m":116},"geometry":{"type":"LineString","coordinates":[[142.18541,-36.71744],[142.18549,-36.71787],[142.18573,-36.71795],[142.18597,-36.71786],[142.18605,-36.71767],[142.18603,-36.71744]]}},{"type":"Feature","properties":{"name":"Guilfoyle Dr","surface":"sealed","hierarchy":"Access","length_m":213},"geometry":{"type":"LineString","coordinates":[[142.19639,-36.72118],[142.19713,-36.72144],[142.19844,-36.72212],[142.19849,-36.72225],[142.19837,-36.72241]]}},{"type":"Feature","properties":{"name":"Burgess St","surface":"sealed","hierarchy":"Access","length_m":234},"geometry":{"type":"LineString","coordinates":[[142.18814,-36.70948],[142.18815,-36.71176]]}},{"type":"Feature","properties":{"name":"Butlers Rd","surface":"sealed","hierarchy":"Access","length_m":760},"geometry":{"type":"LineString","coordinates":[[142.16092,-36.83916],[142.16135,-36.83933],[142.16573,-36.83926],[142.17084,-36.83935],[142.17161,-36.83948],[142.17221,-36.83942],[142.17293,-36.83923],[142.17406,-36.83947]]}},{"type":"Feature","properties":{"name":"Peels Rd","surface":"sealed","hierarchy":"Access","length_m":1015},"geometry":{"type":"LineString","coordinates":[[142.24904,-36.69816],[142.23767,-36.69814]]}},{"type":"Feature","properties":{"name":"Krause Rd","surface":"sealed","hierarchy":"Access","length_m":230},"geometry":{"type":"LineString","coordinates":[[142.50864,-36.91622],[142.50816,-36.91655],[142.50813,-36.9168]]}},{"type":"Feature","properties":{"name":"Lyons Court","surface":"sealed","hierarchy":"Access","length_m":118},"geometry":{"type":"LineString","coordinates":[[142.19364,-36.69997],[142.19364,-36.7004],[142.19345,-36.70101]]}},{"type":"Feature","properties":{"name":"Fischers Road","surface":"sealed","hierarchy":"Local","length_m":0},"geometry":{"type":"MultiLineString","coordinates":[[[142.39482,-36.75762],[142.39487,-36.76606],[142.39493,-36.76649],[142.39545,-36.76797],[142.39547,-36.76837],[142.39539,-36.76884],[142.39494,-36.77026],[142.39484,-36.77097],[142.39484,-36.80038],[142.39493,-36.80082],[142.3956,-36.80264],[142.39579,-36.80362],[142.39557,-36.80471],[142.39486,-36.8066],[142.39479,-36.81199],[142.39486,-36.81255],[142.395,-36.81276],[142.39533,-36.813]],[[142.39488,-36.75327],[142.39492,-36.75709]]]}},{"type":"Feature","properties":{"name":"Alfred St","surface":"sealed","hierarchy":"Access","length_m":54},"geometry":{"type":"LineString","coordinates":[[142.19777,-36.71042],[142.19849,-36.71041]]}},{"type":"Feature","properties":{"name":"Isbel Crt","surface":"sealed","hierarchy":"Access","length_m":26},"geometry":{"type":"LineString","coordinates":[[142.17659,-36.7237],[142.17678,-36.72393]]}},{"type":"Feature","properties":{"name":"Brady Court","surface":"sealed","hierarchy":"Local","length_m":0},"geometry":{"type":"LineString","coordinates":[[142.2089,-36.71777],[142.2089,-36.71838]]}},{"type":"Feature","properties":{"name":"Puls Pl","surface":"sealed","hierarchy":"Access","length_m":147},"geometry":{"type":"LineString","coordinates":[[142.20571,-36.69771],[142.20736,-36.69769]]}},{"type":"Feature","properties":{"name":"Noske Pl","surface":"sealed","hierarchy":"Access","length_m":134},"geometry":{"type":"LineString","coordinates":[[142.20291,-36.69957],[142.20445,-36.6995]]}},{"type":"Feature","properties":{"name":"Logan St","surface":"sealed","hierarchy":"Access","length_m":63},"geometry":{"type":"LineString","coordinates":[[142.19179,-36.69943],[142.19179,-36.69998]]}},{"type":"Feature","properties":{"name":"Homers Crt","surface":"sealed","hierarchy":"Access","length_m":122},"geometry":{"type":"LineString","coordinates":[[142.20006,-36.7026],[142.20006,-36.70382]]}},{"type":"Feature","properties":{"name":"Byrne St","surface":"sealed","hierarchy":"Access","length_m":43},"geometry":{"type":"LineString","coordinates":[[142.21599,-36.70571],[142.21648,-36.70572]]}},{"type":"Feature","properties":{"name":"Regal Court","surface":"sealed","hierarchy":"Local","length_m":0},"geometry":{"type":"LineString","coordinates":[[142.2175,-36.70657],[142.2178,-36.70658],[142.21797,-36.70647]]}},{"type":"Feature","properties":{"name":"Don St","surface":"sealed","hierarchy":"Access","length_m":72},"geometry":{"type":"LineString","coordinates":[[142.19153,-36.70658],[142.19153,-36.70727]]}},{"type":"Feature","properties":{"name":"Saul Cres","surface":"sealed","hierarchy":"Access","length_m":55},"geometry":{"type":"LineString","coordinates":[[142.19253,-36.70792],[142.19214,-36.70846]]}},{"type":"Feature","properties":{"name":"Oak Crt","surface":"sealed","hierarchy":"Access","length_m":96},"geometry":{"type":"LineString","coordinates":[[142.19198,-36.71075],[142.19221,-36.71076],[142.19246,-36.71066],[142.1928,-36.7102]]}},{"type":"Feature","properties":{"name":"Berry Court","surface":"sealed","hierarchy":"Local","length_m":0},"geometry":{"type":"LineString","coordinates":[[142.18331,-36.71417],[142.18432,-36.71387]]}},{"type":"Feature","properties":{"name":"Delville St","surface":"sealed","hierarchy":"Access","length_m":176},"geometry":{"type":"LineString","coordinates":[[142.1951,-36.71462],[142.19713,-36.71461]]}},{"type":"Feature","properties":{"name":"Bank St","surface":"sealed","hierarchy":"Access","length_m":41},"geometry":{"type":"LineString","coordinates":[[142.21168,-36.7147],[142.21168,-36.71507]]}},{"type":"Feature","properties":{"name":"Griffin Court","surface":"sealed","hierarchy":"Local","length_m":0},"geometry":{"type":"LineString","coordinates":[[142.208,-36.71778],[142.208,-36.71839]]}},{"type":"Feature","properties":{"name":"Rahley Crt","surface":"sealed","hierarchy":"Access","length_m":55},"geometry":{"type":"LineString","coordinates":[[142.21415,-36.72434],[142.21479,-36.72413]]}},{"type":"Feature","properties":{"name":"Gardenia Crt","surface":"sealed","hierarchy":"Access","length_m":110},"geometry":{"type":"LineString","coordinates":[[142.19293,-36.7234],[142.19289,-36.72403],[142.19249,-36.72419]]}},{"type":"Feature","properties":{"name":"Mc Dowell Crt","surface":"sealed","hierarchy":"Access","length_m":56},"geometry":{"type":"LineString","coordinates":[[142.17572,-36.72391],[142.17607,-36.72431]]}},{"type":"Feature","properties":{"name":"Hoskin Crt","surface":"sealed","hierarchy":"Access","length_m":68},"geometry":{"type":"LineString","coordinates":[[142.17477,-36.72422],[142.17512,-36.7248]]}},{"type":"Feature","properties":{"name":"Raggatt St","surface":"sealed","hierarchy":"Access","length_m":98},"geometry":{"type":"LineString","coordinates":[[142.2131,-36.72519],[142.2131,-36.72615]]}},{"type":"Feature","properties":{"name":"Dawson Crt","surface":"sealed","hierarchy":"Access","length_m":87},"geometry":{"type":"LineString","coordinates":[[142.17599,-36.72532],[142.17633,-36.72521],[142.17706,-36.72521]]}},{"type":"Feature","properties":{"name":"Harmer Crt","surface":"sealed","hierarchy":"Access","length_m":127},"geometry":{"type":"LineString","coordinates":[[142.1792,-36.72629],[142.17923,-36.7271],[142.17935,-36.72749]]}},{"type":"Feature","properties":{"name":"Tuson Crt","surface":"sealed","hierarchy":"Access","length_m":100},"geometry":{"type":"LineString","coordinates":[[142.20896,-36.7272],[142.20905,-36.72816]]}},{"type":"Feature","properties":{"name":"Atkins Crt","surface":"sealed","hierarchy":"Access","length_m":50},"geometry":{"type":"LineString","coordinates":[[142.19734,-36.72828],[142.19796,-36.72814]]}},{"type":"Feature","properties":{"name":"Heslop Crt","surface":"sealed","hierarchy":"Access","length_m":114},"geometry":{"type":"LineString","coordinates":[[142.20888,-36.72892],[142.21025,-36.72891]]}},{"type":"Feature","properties":{"name":"Wimmera Rise","surface":"sealed","hierarchy":"Local","length_m":0},"geometry":{"type":"LineString","coordinates":[[142.17543,-36.72836],[142.17595,-36.72885]]}},{"type":"Feature","properties":{"name":"River Park Rise","surface":"sealed","hierarchy":"Access","length_m":88},"geometry":{"type":"LineString","coordinates":[[142.17441,-36.72872],[142.17492,-36.72946]]}},{"type":"Feature","properties":{"name":"Kirsopp Crt","surface":"sealed","hierarchy":"Access","length_m":38},"geometry":{"type":"LineString","coordinates":[[142.17228,-36.72897],[142.1718,-36.72881]]}},{"type":"Feature","properties":{"name":"Sayer Crt","surface":"sealed","hierarchy":"Access","length_m":55},"geometry":{"type":"LineString","coordinates":[[142.17342,-36.72969],[142.17345,-36.72911]]}},{"type":"Feature","properties":{"name":"Gordon St","surface":"sealed","hierarchy":"Access","length_m":101},"geometry":{"type":"LineString","coordinates":[[142.20385,-36.73009],[142.2039,-36.73104]]}},{"type":"Feature","properties":{"name":"Pohlner St","surface":"sealed","hierarchy":"Access","length_m":68},"geometry":{"type":"LineString","coordinates":[[142.18656,-36.73931],[142.18734,-36.73931]]}},{"type":"Feature","properties":{"name":"Oatlands Court","surface":"sealed","hierarchy":"Local","length_m":0},"geometry":{"type":"LineString","coordinates":[[142.19893,-36.70442],[142.19995,-36.7044]]}},{"type":"Feature","properties":{"name":"Natimuk Golf Links Rd","surface":"sealed","hierarchy":"Access","length_m":1596},"geometry":{"type":"MultiLineString","coordinates":[[[141.76904,-36.77517],[141.76995,-36.77525]],[[141.76995,-36.77525],[141.78448,-36.77656],[141.78499,-36.77649],[141.78565,-36.77592]]]}},{"type":"Feature","properties":{"name":"Red Gum Swamp Rd","surface":"sealed","hierarchy":"Access","length_m":670},"geometry":{"type":"LineString","coordinates":[[141.88491,-36.6971],[141.88423,-36.70146]]}},{"type":"Feature","properties":{"name":"Three Chain Rd","surface":"sealed","hierarchy":"Access","length_m":6175},"geometry":{"type":"MultiLineString","coordinates":[[[141.85617,-36.72715],[141.87855,-36.72055],[141.87997,-36.72002]],[[141.87997,-36.72002],[141.88148,-36.71957],[141.88255,-36.71938]],[[141.88255,-36.71938],[141.90049,-36.71417]],[[141.90049,-36.71417],[141.90903,-36.71171],[141.92302,-36.71171]]]}},{"type":"Feature","properties":{"name":"Mt Victory Road","surface":"sealed","hierarchy":"Arterial","length_m":0},"geometry":{"type":"LineString","coordinates":[[142.36554,-37.06565],[142.36554,-37.06565]]}},{"type":"Feature","properties":{"name":"Dooen Road","surface":"sealed","hierarchy":"Highway","length_m":0},"geometry":{"type":"LineString","coordinates":[[142.20557,-36.71159],[142.22329,-36.69709]]}},{"type":"Feature","properties":{"name":"Burgin Dr","surface":"sealed","hierarchy":"Access","length_m":502},"geometry":{"type":"LineString","coordinates":[[142.26196,-36.64555],[142.26206,-36.65003]]}},{"type":"Feature","properties":{"name":"Walpole Tce","surface":"sealed","hierarchy":"Access","length_m":68},"geometry":{"type":"LineString","coordinates":[[142.21295,-36.72042],[142.21257,-36.72071],[142.21236,-36.72077]]}},{"type":"Feature","properties":{"name":"Sunnyside Ave","surface":"sealed","hierarchy":"Access","length_m":322},"geometry":{"type":"LineString","coordinates":[[142.20845,-36.70919],[142.20872,-36.70942],[142.20924,-36.70967],[142.21012,-36.70976],[142.21214,-36.70974]]}},{"type":"Feature","properties":{"name":"Seater Cl","surface":"sealed","hierarchy":"Access","length_m":400},"geometry":{"type":"LineString","coordinates":[[142.20137,-36.73007],[142.20135,-36.73082],[142.19888,-36.73075],[142.19878,-36.73075],[142.19851,-36.72998]]}},{"type":"Feature","properties":{"name":"Shiralee Cres","surface":"sealed","hierarchy":"Access","length_m":204},"geometry":{"type":"LineString","coordinates":[[142.2069,-36.72973],[142.20738,-36.72977],[142.20777,-36.72997],[142.20793,-36.73015],[142.20802,-36.73044],[142.20792,-36.73109]]}},{"type":"Feature","properties":{"name":"Treacey Street","surface":"sealed","hierarchy":"Access","length_m":188},"geometry":{"type":"LineString","coordinates":[[142.17343,-36.71537],[142.17353,-36.71578],[142.17356,-36.71673],[142.17368,-36.71706]]}},{"type":"Feature","properties":{"name":"Muller Street","surface":"sealed","hierarchy":"Access","length_m":68},"geometry":{"type":"LineString","coordinates":[[142.17344,-36.71354],[142.17354,-36.71493],[142.17363,-36.71533]]}},{"type":"Feature","properties":{"name":"Stephens Street","surface":"sealed","hierarchy":"Access","length_m":156},"geometry":{"type":"LineString","coordinates":[[142.17639,-36.71544],[142.175,-36.71601],[142.17354,-36.71623]]}},{"type":"Feature","properties":{"name":"Sanderson St","surface":"sealed","hierarchy":"Access","length_m":208},"geometry":{"type":"LineString","coordinates":[[142.2074,-36.72408],[142.20741,-36.7261]]}},{"type":"Feature","properties":{"name":"Royal Crt","surface":"sealed","hierarchy":"Access","length_m":33},"geometry":{"type":"LineString","coordinates":[[142.21753,-36.70571],[142.21804,-36.70571]]}},{"type":"Feature","properties":{"name":"Withell St","surface":"sealed","hierarchy":"Access","length_m":215},"geometry":{"type":"LineString","coordinates":[[142.20067,-36.72431],[142.20089,-36.7248],[142.20091,-36.72579],[142.20122,-36.72635]]}},{"type":"Feature","properties":{"name":"Clara Crt","surface":"sealed","hierarchy":"Access","length_m":329},"geometry":{"type":"LineString","coordinates":[[142.18705,-36.69939],[142.18503,-36.69938],[142.18373,-36.69909]]}},{"type":"Feature","properties":{"name":"Agnew Crt","surface":"sealed","hierarchy":"Access","length_m":125},"geometry":{"type":"LineString","coordinates":[[142.19965,-36.72594],[142.19965,-36.72551],[142.19928,-36.7249]]}},{"type":"Feature","properties":{"name":"Bradman St","surface":"sealed","hierarchy":"Access","length_m":78},"geometry":{"type":"LineString","coordinates":[[142.19244,-36.70657],[142.19243,-36.70734]]}},{"type":"Feature","properties":{"name":"Bradburys Ln","surface":"sealed","hierarchy":"Access","length_m":60},"geometry":{"type":"LineString","coordinates":[[142.19712,-36.71371],[142.19973,-36.7137]]}},{"type":"Feature","properties":{"name":"Blue Wren Dr","surface":"sealed","hierarchy":"Access","length_m":756},"geometry":{"type":"LineString","coordinates":[[142.17619,-36.74283],[142.17449,-36.74283],[142.17449,-36.74355],[142.17465,-36.74381],[142.17614,-36.74473],[142.17663,-36.7447],[142.17893,-36.74354]]}},{"type":"Feature","properties":{"name":"Boak Dr","surface":"sealed","hierarchy":"Access","length_m":201},"geometry":{"type":"LineString","coordinates":[[142.17536,-36.74101],[142.1754,-36.74281]]}},{"type":"Feature","properties":{"name":"Arnott St","surface":"sealed","hierarchy":"Access","length_m":504},"geometry":{"type":"LineString","coordinates":[[142.20735,-36.71403],[142.20875,-36.7139],[142.21165,-36.7139],[142.21164,-36.71258]]}},{"type":"Feature","properties":{"name":"Read St","surface":"sealed","hierarchy":"Access","length_m":229},"geometry":{"type":"LineString","coordinates":[[142.21044,-36.71168],[142.21045,-36.7139]]}},{"type":"Feature","properties":{"name":"Wettenhall St","surface":"sealed","hierarchy":"Access","length_m":100},"geometry":{"type":"LineString","coordinates":[[142.21003,-36.71391],[142.21002,-36.71471]]}},{"type":"Feature","properties":{"name":"Dellar Crescent","surface":"sealed","hierarchy":"Local","length_m":0},"geometry":{"type":"LineString","coordinates":[[142.21428,-36.72129],[142.21427,-36.71917],[142.21419,-36.719],[142.21397,-36.71894],[142.2138,-36.719],[142.21273,-36.72026]]}},{"type":"Feature","properties":{"name":"Settlers Way","surface":"sealed","hierarchy":"Access","length_m":471},"geometry":{"type":"LineString","coordinates":[[142.18043,-36.75016],[142.18094,-36.75028],[142.18281,-36.75031],[142.18294,-36.75044],[142.18292,-36.751],[142.18273,-36.75107],[142.18026,-36.75105],[142.18003,-36.75098]]}},{"type":"Feature","properties":{"name":"Rissmann Drive","surface":"sealed","hierarchy":"Local","length_m":0},"geometry":{"type":"LineString","coordinates":[[142.21532,-36.72187],[142.21535,-36.71798]]}},{"type":"Feature","properties":{"name":"Burke Ct","surface":"sealed","hierarchy":"Access","length_m":318},"geometry":{"type":"LineString","coordinates":[[142.19869,-36.7727],[142.19867,-36.77555]]}},{"type":"Feature","properties":{"name":"Mc Clures Rd","surface":"sealed","hierarchy":"Access","length_m":1230},"geometry":{"type":"LineString","coordinates":[[141.8293,-36.74262],[141.82982,-36.74278],[141.82999,-36.74257],[141.83029,-36.74255],[141.83259,-36.74287],[141.83357,-36.74309],[141.83403,-36.74301],[141.83536,-36.74316],[141.83603,-36.74312],[141.83636,-36.74336],[141.8365,-36.74314],[141.83676,-36.74305],[141.84183,-36.74358],[141.84203,-36.74353]]}},{"type":"Feature","properties":{"name":"Haven Park Drive","surface":"sealed","hierarchy":"Local","length_m":0},"geometry":{"type":"LineString","coordinates":[[142.20778,-36.74281],[142.20682,-36.74294],[142.20559,-36.74266]]}},{"type":"Feature","properties":{"name":"Goldfinch Close","surface":"sealed","hierarchy":"Minor","length_m":0},"geometry":{"type":"LineString","coordinates":[[142.17782,-36.71426],[142.17887,-36.71411]]}},{"type":"Feature","properties":{"name":"Kingfisher Close","surface":"sealed","hierarchy":"Minor","length_m":0},"geometry":{"type":"LineString","coordinates":[[142.17852,-36.71527],[142.17796,-36.71535]]}},{"type":"Feature","properties":{"name":"Brooks Ave","surface":"sealed","hierarchy":"Access","length_m":204},"geometry":{"type":"LineString","coordinates":[[142.18996,-36.71773],[142.18993,-36.71953],[142.1898,-36.71991]]}},{"type":"Feature","properties":{"name":"Acacia St","surface":"sealed","hierarchy":"Access","length_m":122},"geometry":{"type":"LineString","coordinates":[[142.18997,-36.71865],[142.19156,-36.71865]]}},{"type":"Feature","properties":{"name":"Elmes St","surface":"sealed","hierarchy":"Access","length_m":606},"geometry":{"type":"LineString","coordinates":[[141.93589,-36.74173],[141.93933,-36.74027],[141.9396,-36.74036],[141.94136,-36.74203]]}},{"type":"Feature","properties":{"name":"Davey Street","surface":"sealed","hierarchy":"Local","length_m":0},"geometry":{"type":"LineString","coordinates":[[142.20647,-36.71169],[142.20646,-36.71288]]}},{"type":"Feature","properties":{"name":"Centenary Ave","surface":"sealed","hierarchy":"Access","length_m":238},"geometry":{"type":"LineString","coordinates":[[142.18725,-36.71929],[142.18888,-36.71929],[142.18996,-36.71894]]}},{"type":"Feature","properties":{"name":"Schmidt St","surface":"sealed","hierarchy":"Access","length_m":175},"geometry":{"type":"LineString","coordinates":[[141.94136,-36.74203],[141.9417,-36.74249],[141.94177,-36.74287],[141.94169,-36.74368]]}},{"type":"Feature","properties":{"name":"Lawson Cl","surface":"sealed","hierarchy":"Access","length_m":187},"geometry":{"type":"LineString","coordinates":[[142.16969,-36.72847],[142.17043,-36.72844],[142.17183,-36.72794]]}},{"type":"Feature","properties":{"name":"Conn Crt","surface":"sealed","hierarchy":"Access","length_m":62},"geometry":{"type":"LineString","coordinates":[[142.17037,-36.7275],[142.16969,-36.7275]]}},{"type":"Feature","properties":{"name":"Brooke Crt","surface":"sealed","hierarchy":"Access","length_m":96},"geometry":{"type":"LineString","coordinates":[[142.16967,-36.72602],[142.16968,-36.72641],[142.17004,-36.72675]]}},{"type":"Feature","properties":{"name":"Guest Crt","surface":"sealed","hierarchy":"Access","length_m":48},"geometry":{"type":"LineString","coordinates":[[142.17096,-36.72596],[142.17068,-36.72561]]}},{"type":"Feature","properties":{"name":"Henderson Ave","surface":"sealed","hierarchy":"Access","length_m":190},"geometry":{"type":"LineString","coordinates":[[142.17178,-36.72563],[142.17392,-36.72481]]}},{"type":"Feature","properties":{"name":"Oliver Crt","surface":"sealed","hierarchy":"Access","length_m":144},"geometry":{"type":"LineString","coordinates":[[142.17232,-36.72689],[142.1721,-36.72614],[142.17178,-36.72563]]}},{"type":"Feature","properties":{"name":"Hartigan Crt","surface":"sealed","hierarchy":"Access","length_m":145},"geometry":{"type":"LineString","coordinates":[[142.17332,-36.72593],[142.17332,-36.72675],[142.17355,-36.72728]]}},{"type":"Feature","properties":{"name":"Elwin Crt","surface":"sealed","hierarchy":"Access","length_m":94},"geometry":{"type":"LineString","coordinates":[[142.17536,-36.72559],[142.17547,-36.72602],[142.1757,-36.72644]]}},{"type":"Feature","properties":{"name":"Mathoura St","surface":"sealed","hierarchy":"Access","length_m":545},"geometry":{"type":"LineString","coordinates":[[142.17583,-36.72053],[142.18136,-36.71849]]}},{"type":"Feature","properties":{"name":"Victoria Boulevard","surface":"sealed","hierarchy":"Minor","length_m":0},"geometry":{"type":"LineString","coordinates":[[142.17861,-36.71561],[142.1783,-36.71419]]}},{"type":"Feature","properties":{"name":"Curlew Drive","surface":"sealed","hierarchy":"Minor","length_m":0},"geometry":{"type":"LineString","coordinates":[[142.17796,-36.7148],[142.17906,-36.71466]]}},{"type":"Feature","properties":{"name":"Jos Lane","surface":"sealed","hierarchy":"Local","length_m":0},"geometry":{"type":"LineString","coordinates":[[142.19712,-36.71248],[142.199,-36.71249],[142.199,-36.71229],[142.19973,-36.71229]]}},{"type":"Feature","properties":{"name":"Percy St","surface":"sealed","hierarchy":"Access","length_m":92},"geometry":{"type":"LineString","coordinates":[[142.20989,-36.71068],[142.2099,-36.71168]]}},{"type":"Feature","properties":{"name":"Charles St","surface":"sealed","hierarchy":"Access","length_m":104},"geometry":{"type":"LineString","coordinates":[[142.21197,-36.71072],[142.21193,-36.71167]]}},{"type":"Feature","properties":{"name":"Margaret St","surface":"sealed","hierarchy":"Access","length_m":91},"geometry":{"type":"LineString","coordinates":[[142.21326,-36.71167],[142.21325,-36.71257]]}},{"type":"Feature","properties":{"name":"Peppertree Ln","surface":"sealed","hierarchy":"Access","length_m":1365},"geometry":{"type":"MultiLineString","coordinates":[[[141.86811,-36.97627],[141.87158,-36.97662]],[[141.87158,-36.97662],[141.8719,-36.97665]],[[141.8719,-36.97665],[141.87306,-36.97677]],[[141.87306,-36.97677],[141.87435,-36.97689]],[[141.87435,-36.97689],[141.87821,-36.97728]],[[141.87821,-36.97728],[141.88567,-36.97802]]]}},{"type":"Feature","properties":{"name":"Clover Crt","surface":"sealed","hierarchy":"Access","length_m":33},"geometry":{"type":"LineString","coordinates":[[142.21987,-36.70278],[142.21942,-36.70278]]}},{"type":"Feature","properties":{"name":"Willow Court","surface":"sealed","hierarchy":"Local","length_m":0},"geometry":{"type":"LineString","coordinates":[[142.21986,-36.70353],[142.21941,-36.70353]]}},{"type":"Feature","properties":{"name":"Ladlow Crt","surface":"sealed","hierarchy":"Access","length_m":85},"geometry":{"type":"LineString","coordinates":[[142.2174,-36.7035],[142.21754,-36.70271]]}},{"type":"Feature","properties":{"name":"Perry Dr","surface":"sealed","hierarchy":"Access","length_m":212},"geometry":{"type":"LineString","coordinates":[[142.21691,-36.70229],[142.21754,-36.70271],[142.21852,-36.70273],[142.21851,-36.70329]]}},{"type":"Feature","properties":{"name":"Citrus Ave","surface":"sealed","hierarchy":"Collector","length_m":745},"geometry":{"type":"LineString","coordinates":[[142.20687,-36.72609],[142.20691,-36.73297]]}},{"type":"Feature","properties":{"name":"Tobruk St","surface":"sealed","hierarchy":"Access","length_m":280},"geometry":{"type":"LineString","coordinates":[[142.20866,-36.73111],[142.20888,-36.73135],[142.20909,-36.73179],[142.20911,-36.73195],[142.20902,-36.73205],[142.20691,-36.73204]]}},{"type":"Feature","properties":{"name":"Vella St","surface":"sealed","hierarchy":"Access","length_m":78},"geometry":{"type":"LineString","coordinates":[[142.20688,-36.72847],[142.20792,-36.72847]]}},{"type":"Feature","properties":{"name":"Walnut Ave","surface":"sealed","hierarchy":"Access","length_m":748},"geometry":{"type":"LineString","coordinates":[[142.21385,-36.72615],[142.21388,-36.73303]]}},{"type":"Feature","properties":{"name":"Weldon Power Crt","surface":"sealed","hierarchy":"Access","length_m":550},"geometry":{"type":"LineString","coordinates":[[142.22071,-36.72623],[142.22046,-36.72708],[142.21969,-36.7279],[142.21953,-36.7282],[142.21948,-36.72852],[142.21952,-36.72883],[142.21991,-36.7294],[142.22098,-36.73016],[142.2214,-36.73023]]}},{"type":"Feature","properties":{"name":"Deakin Crt","surface":"sealed","hierarchy":"Access","length_m":153},"geometry":{"type":"LineString","coordinates":[[142.21347,-36.72345],[142.21321,-36.72378],[142.21318,-36.72478]]}},{"type":"Feature","properties":{"name":"Cameron St","surface":"sealed","hierarchy":"Access","length_m":106},"geometry":{"type":"LineString","coordinates":[[142.20123,-36.7189],[142.20153,-36.71917],[142.20234,-36.71918]]}},{"type":"Feature","properties":{"name":"Smith St","surface":"sealed","hierarchy":"Access","length_m":195},"geometry":{"type":"LineString","coordinates":[[142.20492,-36.71345],[142.20736,-36.71342]]}},{"type":"Feature","properties":{"name":"Appleton Court","surface":"sealed","hierarchy":"Local","length_m":0},"geometry":{"type":"LineString","coordinates":[[142.20569,-36.71344],[142.20569,-36.71391]]}},{"type":"Feature","properties":{"name":"Obrien Lane","surface":"sealed","hierarchy":"Local","length_m":0},"geometry":{"type":"LineString","coordinates":[[142.20736,-36.71342],[142.20934,-36.71342]]}},{"type":"Feature","properties":{"name":"Fisher St","surface":"sealed","hierarchy":"Minor","length_m":663},"geometry":{"type":"LineString","coordinates":[[142.11522,-36.59378],[142.11507,-36.5877],[142.11508,-36.58704],[142.11516,-36.58683],[142.11576,-36.58647],[142.11993,-36.58436]]}},{"type":"Feature","properties":{"name":"Miller St","surface":"sealed","hierarchy":"Access","length_m":723},"geometry":{"type":"MultiLineString","coordinates":[[[142.11854,-36.58252],[142.11997,-36.58441]],[[142.11997,-36.58441],[142.12137,-36.58621]],[[142.12137,-36.58621],[142.12219,-36.5872],[142.12331,-36.58768]]]}},{"type":"Feature","properties":{"name":"Rocklands Rd","surface":"sealed","hierarchy":"Collector","length_m":900},"geometry":{"type":"MultiLineString","coordinates":[[[141.9372,-37.20667],[141.93718,-37.20667]],[[141.9425,-37.20763],[141.94204,-37.20731]],[[141.94485,-37.21066],[141.94427,-37.2101]]]}},{"type":"Feature","properties":{"name":"Blair Court","surface":"sealed","hierarchy":"Local","length_m":0},"geometry":{"type":"LineString","coordinates":[[142.19592,-36.74088],[142.19596,-36.74384]]}},{"type":"Feature","properties":{"name":"Ferguson Close","surface":"sealed","hierarchy":"Access","length_m":265},"geometry":{"type":"LineString","coordinates":[[142.19765,-36.73003],[142.19765,-36.73079],[142.19554,-36.73077],[142.19511,-36.73093],[142.19448,-36.73153]]}},{"type":"Feature","properties":{"name":"Garrard St","surface":"sealed","hierarchy":"Access","length_m":48},"geometry":{"type":"LineString","coordinates":[[142.18959,-36.69842],[142.18985,-36.69842],[142.18991,-36.69851],[142.18984,-36.69979]]}},{"type":"Feature","properties":{"name":"Post Office Ln","surface":"sealed","hierarchy":"Access","length_m":65},"geometry":{"type":"LineString","coordinates":[[142.1001,-36.50975],[142.10033,-36.50916]]}},{"type":"Feature","properties":{"name":"Natimuk Cemetery Rd","surface":"sealed","hierarchy":"Access","length_m":2261},"geometry":{"type":"LineString","coordinates":[[141.94249,-36.71611],[141.96741,-36.71291]]}},{"type":"Feature","properties":{"name":"Creasey Crt","surface":"sealed","hierarchy":"Access","length_m":445},"geometry":{"type":"LineString","coordinates":[[142.12142,-36.75085],[142.11739,-36.75088]]}},{"type":"Feature","properties":{"name":"Tonkins Rd","surface":"sealed","hierarchy":"Access","length_m":1230},"geometry":{"type":"LineString","coordinates":[[141.93716,-37.09294],[141.93937,-37.07882]]}},{"type":"Feature","properties":{"name":"Quantong Cemetery Rd","surface":"sealed","hierarchy":"Access","length_m":9080},"geometry":{"type":"MultiLineString","coordinates":[[[142.04453,-36.62481],[142.04461,-36.63697]],[[142.04461,-36.63697],[142.04466,-36.64935]],[[142.04466,-36.64935],[142.04473,-36.66539]],[[142.04473,-36.66539],[142.04478,-36.67966]],[[142.04478,-36.67966],[142.04481,-36.68614]],[[142.04481,-36.68614],[142.04484,-36.68935]],[[142.04484,-36.68935],[142.04487,-36.70482]]]}},{"type":"Feature","properties":{"name":"Courtneys Rd","surface":"sealed","hierarchy":"Access","length_m":2210},"geometry":{"type":"LineString","coordinates":[[142.06259,-36.62477],[142.06263,-36.64465]]}},{"type":"Feature","properties":{"name":"Dooen South Rd","surface":"sealed","hierarchy":"Access","length_m":960},"geometry":{"type":"LineString","coordinates":[[142.22343,-36.6243],[142.22324,-36.62438],[142.22311,-36.62465],[142.22317,-36.63288]]}},{"type":"Feature","properties":{"name":"Cooack Rd","surface":"sealed","hierarchy":"Access","length_m":6560},"geometry":{"type":"MultiLineString","coordinates":[[[141.86263,-36.63222],[141.86989,-36.63294]],[[141.86989,-36.63294],[141.87706,-36.63365]],[[141.87706,-36.63365],[141.89345,-36.6353]],[[141.89345,-36.6353],[141.90635,-36.63657]],[[141.90635,-36.63657],[141.91173,-36.6371]],[[141.91173,-36.6371],[141.91793,-36.63777],[141.91866,-36.63806],[141.91943,-36.63861],[141.91996,-36.63927],[141.92028,-36.64012]]]}},{"type":"Feature","properties":{"name":"Centenary Park Rd","surface":"sealed","hierarchy":"Collector","length_m":3470},"geometry":{"type":"LineString","coordinates":[[141.8514,-36.74741],[141.85135,-36.7621],[141.85145,-36.76479],[141.85166,-36.76537],[141.85212,-36.76617],[141.85374,-36.76858],[141.85519,-36.77045],[141.85968,-36.77707]]}},{"type":"Feature","properties":{"name":"Pelchens Rd","surface":"sealed","hierarchy":"Access","length_m":2740},"geometry":{"type":"MultiLineString","coordinates":[[[142.06306,-36.73892],[142.06314,-36.75128]],[[142.06314,-36.75128],[142.06315,-36.75315]],[[142.06315,-36.75315],[142.0632,-36.75912]],[[142.0632,-36.75912],[142.0632,-36.75989]]]}},{"type":"Feature","properties":{"name":"Beddisons Rd","surface":"sealed","hierarchy":"Access","length_m":23},"geometry":{"type":"LineString","coordinates":[[142.11561,-36.55388],[142.11586,-36.55381]]}},{"type":"Feature","properties":{"name":"Snowball Dr","surface":"sealed","hierarchy":"Access","length_m":780},"geometry":{"type":"LineString","coordinates":[[142.0371,-36.76095],[142.03758,-36.76136],[142.03785,-36.76147],[142.03933,-36.76171],[142.04195,-36.76158],[142.04272,-36.76122],[142.04512,-36.76122]]}},{"type":"Feature","properties":{"name":"Jost Ave","surface":"sealed","hierarchy":"Access","length_m":1610},"geometry":{"type":"LineString","coordinates":[[142.04515,-36.76278],[142.0632,-36.76269]]}},{"type":"Feature","properties":{"name":"Nunkerri Rd","surface":"sealed","hierarchy":"Access","length_m":1696},"geometry":{"type":"MultiLineString","coordinates":[[[142.1339,-36.78335],[142.13455,-36.78341],[142.13564,-36.78335],[142.13789,-36.78347],[142.1387,-36.78343],[142.14036,-36.78357],[142.14095,-36.7835]],[[142.14095,-36.7835],[142.14109,-36.78349]],[[142.14109,-36.78349],[142.14408,-36.78368],[142.14524,-36.78359]],[[142.14524,-36.78359],[142.14871,-36.78354],[142.14929,-36.78339],[142.15164,-36.78214],[142.15261,-36.78201]]]}},{"type":"Feature","properties":{"name":"Dooen School Rd","surface":"sealed","hierarchy":"Link","length_m":4842},"geometry":{"type":"LineString","coordinates":[[142.20485,-36.63876],[142.25947,-36.63856]]}},{"type":"Feature","properties":{"name":"Jackmans Rd","surface":"sealed","hierarchy":"Access","length_m":4560},"geometry":{"type":"MultiLineString","coordinates":[[[141.87655,-36.91074],[141.87431,-36.92531]],[[142.52333,-36.94938],[142.52333,-36.92277]]]}},{"type":"Feature","properties":{"name":"Wail-Kalkee Rd","surface":"sealed","hierarchy":"Access","length_m":10300},"geometry":{"type":"LineString","coordinates":[[142.11825,-36.51102],[142.21674,-36.51072],[142.24306,-36.51071]]}},{"type":"Feature","properties":{"name":"Ray Mills Rd","surface":"sealed","hierarchy":"Access","length_m":800},"geometry":{"type":"LineString","coordinates":[[142.28979,-36.5056],[142.28976,-36.51282]]}},{"type":"Feature","properties":{"name":"Rules West Rd","surface":"sealed","hierarchy":"Access","length_m":3864},"geometry":{"type":"LineString","coordinates":[[142.12532,-36.59511],[142.12593,-36.59519],[142.12671,-36.59543],[142.12746,-36.59549],[142.13677,-36.59546],[142.1556,-36.59522],[142.16836,-36.59519]]}},{"type":"Feature","properties":{"name":"Quantong-Polkemmet Rd","surface":"sealed","hierarchy":"Access","length_m":950},"geometry":{"type":"LineString","coordinates":[[141.99069,-36.65379],[141.99069,-36.6541],[141.9944,-36.66176]]}},{"type":"Feature","properties":{"name":"Schier Dr","surface":"sealed","hierarchy":"Access","length_m":1630},"geometry":{"type":"LineString","coordinates":[[142.20534,-36.75516],[142.20801,-36.7553],[142.20856,-36.75554],[142.20891,-36.75594],[142.20903,-36.75628],[142.20901,-36.76079],[142.20872,-36.762],[142.2092,-36.76331],[142.20913,-36.76389],[142.20874,-36.76428],[142.20836,-36.76444],[142.20769,-36.76451],[142.2057,-36.76448],[142.20518,-36.76436]]}},{"type":"Feature","properties":{"name":"Mokepilly Rd","surface":"sealed","hierarchy":"Access","length_m":1640},"geometry":{"type":"LineString","coordinates":[[142.3499,-36.52456],[142.36494,-36.52465]]}},{"type":"Feature","properties":{"name":"Brighton Dr","surface":"sealed","hierarchy":"Access","length_m":500},"geometry":{"type":"LineString","coordinates":[[142.24252,-36.67582],[142.24308,-36.67769],[142.24341,-36.67954],[142.24332,-36.67987],[142.24306,-36.6802]]}},{"type":"Feature","properties":{"name":"Grant Dr","surface":"sealed","hierarchy":"Access","length_m":960},"geometry":{"type":"LineString","coordinates":[[142.24325,-36.68031],[142.24303,-36.68061],[142.24198,-36.6814],[142.24184,-36.68162],[142.24111,-36.68381],[142.24086,-36.68418],[142.23887,-36.68577],[142.23737,-36.68724]]}},{"type":"Feature","properties":{"name":"Field Days Rd","surface":"sealed","hierarchy":"Access","length_m":699},"geometry":{"type":"MultiLineString","coordinates":[[[142.29703,-36.6795],[142.29746,-36.67923],[142.29786,-36.67923],[142.3033,-36.68152]],[[142.3033,-36.68152],[142.30343,-36.68157]]]}},{"type":"Feature","properties":{"name":"Eltze Dr","surface":"sealed","hierarchy":"Access","length_m":1660},"geometry":{"type":"LineString","coordinates":[[142.04513,-36.76403],[142.03889,-36.76409],[142.03821,-36.76429],[142.03561,-36.7654],[142.03429,-36.76559],[142.0339,-36.76575],[142.0316,-36.76727],[142.02996,-36.76823],[142.02966,-36.76868],[142.02958,-36.76898],[142.02958,-36.7697]]}},{"type":"Feature","properties":{"name":"Hughes Rd","surface":"sealed","hierarchy":"Access","length_m":2035},"geometry":{"type":"LineString","coordinates":[[142.01884,-36.73741],[142.01893,-36.75532],[142.01899,-36.75574]]}},{"type":"Feature","properties":{"name":"Tralee Ln","surface":"sealed","hierarchy":"Access","length_m":137},"geometry":{"type":"MultiLineString","coordinates":[[[142.32958,-36.68645],[142.32588,-36.68655]],[[142.32958,-36.68645],[142.32805,-36.68648]]]}},{"type":"Feature","properties":{"name":"Andrews Rd","surface":"sealed","hierarchy":"Access","length_m":1040},"geometry":{"type":"LineString","coordinates":[[142.24891,-36.73825],[142.24896,-36.73836],[142.24919,-36.73841],[142.26056,-36.73845]]}},{"type":"Feature","properties":{"name":"Laroona Dr","surface":"sealed","hierarchy":"Access","length_m":770},"geometry":{"type":"LineString","coordinates":[[142.05479,-36.75371],[142.05532,-36.75379],[142.05559,-36.75392],[142.05575,-36.75385],[142.05754,-36.75383],[142.05821,-36.75348],[142.06315,-36.75347]]}},{"type":"Feature","properties":{"name":"Strange Rd","surface":"sealed","hierarchy":"Access","length_m":1020},"geometry":{"type":"LineString","coordinates":[[142.16666,-36.773],[142.16675,-36.77483],[142.16703,-36.77649],[142.16699,-36.78216]]}},{"type":"Feature","properties":{"name":"Polkemmet East School Rd","surface":"sealed","hierarchy":"Access","length_m":3500},"geometry":{"type":"LineString","coordinates":[[142.02557,-36.62485],[142.02548,-36.65649]]}},{"type":"Feature","properties":{"name":"Natimuk East Rd","surface":"sealed","hierarchy":"Collector","length_m":1320},"geometry":{"type":"LineString","coordinates":[[141.95121,-36.73762],[141.95169,-36.73775],[141.96606,-36.73767]]}},{"type":"Feature","properties":{"name":"Struthers Ave","surface":"sealed","hierarchy":"Access","length_m":560},"geometry":{"type":"LineString","coordinates":[[142.01269,-36.75153],[142.01894,-36.75156]]}},{"type":"Feature","properties":{"name":"B Hateleys Rd","surface":"sealed","hierarchy":"Access","length_m":2170},"geometry":{"type":"LineString","coordinates":[[141.85823,-36.71109],[141.8822,-36.71351],[141.88235,-36.71358]]}},{"type":"Feature","properties":{"name":"Blocks Rd","surface":"sealed","hierarchy":"Access","length_m":1600},"geometry":{"type":"LineString","coordinates":[[142.01319,-36.73718],[142.01316,-36.74253],[142.01261,-36.74492],[142.01261,-36.75119],[142.01263,-36.75147],[142.01269,-36.75153]]}},{"type":"Feature","properties":{"name":"Emmersons Rd","surface":"sealed","hierarchy":"Access","length_m":1500},"geometry":{"type":"LineString","coordinates":[[141.83186,-36.88536],[141.83562,-36.88438],[141.83645,-36.88433],[141.84793,-36.88545]]}},{"type":"Feature","properties":{"name":"Kingcourt Swamp Rd","surface":"sealed","hierarchy":"Access","length_m":840},"geometry":{"type":"MultiLineString","coordinates":[[[142.18472,-36.9054],[142.18492,-36.90563],[142.18567,-36.90942],[142.18587,-36.90985]],[[142.18587,-36.90985],[142.18592,-36.90997],[142.18692,-36.91081]],[[142.18692,-36.91081],[142.18741,-36.91123]]]}},{"type":"Feature","properties":{"name":"Toolondo Road","surface":"sealed","hierarchy":"Sub-arterial","length_m":0},"geometry":{"type":"LineString","coordinates":[[142.11987,-36.87673],[142.12167,-36.87638],[142.12465,-36.87592],[142.12659,-36.87589],[142.1376,-36.87708]]}},{"type":"Feature","properties":{"name":"Harrow-Clear Lake Rd","surface":"sealed","hierarchy":"Collector","length_m":13360},"geometry":{"type":"LineString","coordinates":[[141.7839,-37.00287],[141.82577,-36.98208],[141.82648,-36.98195],[141.83534,-36.98185],[141.83624,-36.98169],[141.83675,-36.98151],[141.8495,-36.97552],[141.85154,-36.97464],[141.86862,-36.96769],[141.86919,-36.95645],[141.86909,-36.95584],[141.86874,-36.95509],[141.86586,-36.95046],[141.86187,-36.9381],[141.86118,-36.93557],[141.85969,-36.9253]]}},{"type":"Feature","properties":{"name":"Jallumba-Douglas Rd","surface":"sealed","hierarchy":"Collector","length_m":7600},"geometry":{"type":"LineString","coordinates":[[141.86862,-36.96769],[141.93964,-36.93423],[141.93999,-36.93385],[141.94048,-36.93194]]}},{"type":"Feature","properties":{"name":"Russells Rd","surface":"sealed","hierarchy":"Access","length_m":1260},"geometry":{"type":"LineString","coordinates":[[142.00047,-36.95601],[142.00109,-36.95226],[142.00134,-36.95219],[142.01798,-36.95383]]}},{"type":"Feature","properties":{"name":"Crutes North Rd","surface":"sealed","hierarchy":"Access","length_m":1300},"geometry":{"type":"LineString","coordinates":[[142.48066,-36.81898],[142.48065,-36.8244]]}},{"type":"Feature","properties":{"name":"Noradjuha-Tooan East Rd","surface":"sealed","hierarchy":"Link","length_m":9750},"geometry":{"type":"LineString","coordinates":[[141.86007,-36.82247],[141.89043,-36.82546],[141.8916,-36.8254],[141.89217,-36.82523],[141.89363,-36.82458],[141.89414,-36.82445],[141.89527,-36.8244],[141.93163,-36.82863],[141.95833,-36.83125],[141.95852,-36.83168],[141.96358,-36.83752],[141.96387,-36.83778],[141.96413,-36.83781]]}},{"type":"Feature","properties":{"name":"Telangatuk East Rd","surface":"sealed","hierarchy":"Access","length_m":5550},"geometry":{"type":"LineString","coordinates":[[141.97314,-37.09652],[141.91125,-37.09034]]}},{"type":"Feature","properties":{"name":"B Ross Rd","surface":"sealed","hierarchy":"Access","length_m":1000},"geometry":{"type":"MultiLineString","coordinates":[[[141.93373,-37.11545],[141.93367,-37.11535],[141.93485,-37.10816]],[[141.93485,-37.10816],[141.93502,-37.10655]]]}},{"type":"Feature","properties":{"name":"Camerons Rd","surface":"sealed","hierarchy":"Access","length_m":2455},"geometry":{"type":"MultiLineString","coordinates":[[[142.0483,-36.99855],[142.05389,-36.9991]],[[142.05389,-36.9991],[142.05536,-36.99925]],[[142.35813,-36.9656],[142.35592,-36.96566]],[[142.35592,-36.96566],[142.35437,-36.96562]],[[142.35437,-36.96562],[142.35201,-36.96559]],[[142.35201,-36.96559],[142.34906,-36.96563],[142.34247,-36.96556],[142.34212,-36.96565],[142.34098,-36.96552],[142.33962,-36.9656],[142.33588,-36.96558],[142.33428,-36.9655],[142.32901,-36.96556]]]}},{"type":"Feature","properties":{"name":"Officer Station Road","surface":"sealed","hierarchy":"Collector","length_m":8530},"geometry":{"type":"LineString","coordinates":[[141.86862,-36.96769],[141.86759,-36.98475],[141.86781,-36.98546],[141.86829,-36.98603],[141.87951,-36.99594],[141.88271,-36.9985],[141.89344,-37.00787],[141.89578,-37.00975],[141.89656,-37.01017],[141.91282,-37.0173],[141.91555,-37.01859],[141.9235,-37.02205],[141.92424,-37.02222]]}},{"type":"Feature","properties":{"name":"Robertsons Rd","surface":"sealed","hierarchy":"Access","length_m":1642},"geometry":{"type":"MultiLineString","coordinates":[[[141.80986,-37.12243],[141.81249,-37.12063],[141.81308,-37.12031],[141.81334,-37.12007],[141.81415,-37.11442]],[[141.97199,-37.1039],[141.96763,-37.10346]],[[141.96763,-37.10346],[141.95895,-37.10258]],[[141.95895,-37.10258],[141.95849,-37.10254]]]}},{"type":"Feature","properties":{"name":"Noradjuha Cemetery Rd","surface":"sealed","hierarchy":"Access","length_m":1430},"geometry":{"type":"LineString","coordinates":[[141.94276,-36.81701],[141.94243,-36.81878],[141.94241,-36.81938],[141.94252,-36.81985],[141.94246,-36.82041],[141.94105,-36.82956]]}},{"type":"Feature","properties":{"name":"Holmes Rd","surface":"sealed","hierarchy":"Access","length_m":1740},"geometry":{"type":"LineString","coordinates":[[142.00992,-36.97753],[142.00748,-36.99349]]}},{"type":"Feature","properties":{"name":"Nurrabiel Church Rd","surface":"sealed","hierarchy":"Access","length_m":7400},"geometry":{"type":"LineString","coordinates":[[141.9563,-36.90516],[142.03853,-36.91329]]}},{"type":"Feature","properties":{"name":"Miss Williamsons Rd","surface":"sealed","hierarchy":"Access","length_m":1310},"geometry":{"type":"LineString","coordinates":[[141.99548,-36.97597],[141.99565,-36.97606],[142.00402,-36.97692],[142.00973,-36.97743],[142.00992,-36.97753],[142.00994,-36.97741]]}},{"type":"Feature","properties":{"name":"Elliotts Rd","surface":"sealed","hierarchy":"Access","length_m":1260},"geometry":{"type":"MultiLineString","coordinates":[[[141.77059,-37.11357],[141.7712,-37.11349]],[[141.7712,-37.11349],[141.78453,-37.11486]]]}},{"type":"Feature","properties":{"name":"Scott Hair Watsons Rd","surface":"sealed","hierarchy":"Access","length_m":1040},"geometry":{"type":"LineString","coordinates":[[141.86187,-36.9381],[141.87353,-36.93934]]}},{"type":"Feature","properties":{"name":"Memorial Dr","surface":"sealed","hierarchy":"Access","length_m":90},"geometry":{"type":"LineString","coordinates":[[142.20273,-36.72274],[142.20271,-36.72262],[142.20314,-36.72202]]}},{"type":"Feature","properties":{"name":"Coughlin Crt","surface":"sealed","hierarchy":"Access","length_m":58},"geometry":{"type":"LineString","coordinates":[[142.2124,-36.7155],[142.21273,-36.71591]]}},{"type":"Feature","properties":{"name":"Brigid Crt","surface":"sealed","hierarchy":"Access","length_m":151},"geometry":{"type":"LineString","coordinates":[[142.21085,-36.71549],[142.21138,-36.71561],[142.21198,-36.71634]]}},{"type":"Feature","properties":{"name":"Tooley Ct","surface":"sealed","hierarchy":"Access","length_m":84},"geometry":{"type":"LineString","coordinates":[[142.21842,-36.72053],[142.21773,-36.72035]]}},{"type":"Feature","properties":{"name":"Sawyer Crt","surface":"sealed","hierarchy":"Access","length_m":146},"geometry":{"type":"LineString","coordinates":[[142.21828,-36.72151],[142.21743,-36.72158],[142.21683,-36.72119]]}},{"type":"Feature","properties":{"name":"Tulgany Crt","surface":"sealed","hierarchy":"Access","length_m":140},"geometry":{"type":"LineString","coordinates":[[142.17881,-36.74337],[142.18003,-36.7429]]}},{"type":"Feature","properties":{"name":"Banksia Court","surface":"sealed","hierarchy":"Local","length_m":0},"geometry":{"type":"LineString","coordinates":[[142.2149,-36.70923],[142.21543,-36.70923]]}},{"type":"Feature","properties":{"name":"Harfield Crt","surface":"sealed","hierarchy":"Access","length_m":85},"geometry":{"type":"LineString","coordinates":[[142.21728,-36.72083],[142.21683,-36.72052],[142.21638,-36.72046]]}}]}