{"type":"FeatureCollection","name":"overlay-gravel","features":[{"type":"Feature","properties":{"name":"One Tree Rd","surface":"gravel","hierarchy":"Minor","length_m":391},"geometry":{"type":"LineString","coordinates":[[142.26686,-36.8337],[142.26684,-36.83727]]}},{"type":"Feature","properties":{"name":"Ross Rd","surface":"gravel","hierarchy":"Minor","length_m":3281},"geometry":{"type":"MultiLineString","coordinates":[[[141.95511,-37.09474],[141.95431,-37.09995]],[[141.95431,-37.09995],[141.95422,-37.10054]],[[141.95422,-37.10054],[141.95398,-37.10209]],[[141.95398,-37.10209],[141.95279,-37.10991]],[[141.95279,-37.10991],[141.95252,-37.11167]],[[141.95252,-37.11167],[141.95162,-37.11727],[141.9512,-37.12037],[141.95051,-37.12431],[141.95026,-37.12539],[141.95003,-37.12812],[141.94956,-37.13063],[141.94784,-37.14209]],[[141.94731,-37.14563],[141.94675,-37.14939]],[[141.95398,-37.10209],[141.95252,-37.11167]],[[141.95252,-37.11167],[141.95251,-37.11178]]]}},{"type":"Feature","properties":{"name":"Old Adelaide Rd","surface":"gravel","hierarchy":"Minor","length_m":10500},"geometry":{"type":"LineString","coordinates":[[142.18836,-37.07966],[142.19374,-37.07958],[142.19549,-37.07974],[142.20181,-37.0797],[142.2048,-37.07994],[142.20774,-37.07987],[142.21032,-37.07991],[142.21213,-37.07965],[142.21414,-37.07994],[142.21503,-37.07998],[142.21628,-37.07976],[142.21896,-37.07965],[142.22569,-37.08],[142.22876,-37.07995],[142.22938,-37.0799],[142.23267,-37.07926],[142.23416,-37.07914],[142.235,-37.0792],[142.23723,-37.079],[142.23942,-37.07908],[142.24591,-37.07891],[142.24784,-37.07863],[142.24944,-37.07879],[142.25027,-37.07878],[142.25373,-37.07853],[142.25781,-37.0785],[142.2613,-37.07826],[142.2617,-37.07801],[142.26217,-37.07753],[142.26267,-37.07685],[142.26353,-37.07607],[142.26995,-37.07104],[142.2745,-37.06657],[142.28293,-37.06315],[142.28539,-37.06196],[142.28923,-37.05906],[142.29052,-37.05825],[142.29341,-37.05606],[142.29499,-37.05499],[142.29538,-37.0548],[142.29571,-37.05452],[142.29581,-37.05426],[142.2963,-37.05409],[142.29645,-37.05385],[142.29717,-37.05321],[142.29838,-37.05246],[142.2994,-37.05199],[142.29997,-37.05152],[142.30048,-37.05141],[142.30152,-37.05069],[142.30246,-37.05055],[142.30349,-37.05004],[142.3036,-37.04991],[142.3041,-37.04972],[142.30482,-37.04925],[142.30759,-37.04781],[142.30938,-37.04675],[142.31139,-37.04625],[142.31224,-37.04586],[142.31324,-37.0449],[142.31352,-37.04488],[142.31381,-37.0446],[142.31397,-37.04416],[142.31513,-37.04294],[142.31767,-37.04165],[142.3191,-37.04127],[142.32041,-37.04061],[142.32152,-37.03962],[142.32226,-37.03922],[142.32351,-37.03871],[142.3246,-37.03853],[142.32574,-37.03802]]}},{"type":"Feature","properties":{"name":"Kenny Rd","surface":"gravel","hierarchy":"Access","length_m":368},"geometry":{"type":"LineString","coordinates":[[142.19735,-36.74088],[142.20557,-36.74085]]}},{"type":"Feature","properties":{"name":"Holes Rd","surface":"gravel","hierarchy":"Access","length_m":1015},"geometry":{"type":"LineString","coordinates":[[142.21236,-36.75303],[142.22375,-36.75305]]}},{"type":"Feature","properties":{"name":"Greenhills Rd","surface":"gravel","hierarchy":"Access","length_m":3440},"geometry":{"type":"MultiLineString","coordinates":[[[142.26725,-36.61968],[142.26776,-36.61958],[142.2688,-36.61916]],[[142.35146,-36.59082],[142.36068,-36.59089]],[[142.36068,-36.59089],[142.37215,-36.59091]],[[142.37215,-36.59091],[142.3813,-36.59093],[142.38382,-36.59112]],[[142.38382,-36.59112],[142.38642,-36.59138],[142.38735,-36.59139]]]}},{"type":"Feature","properties":{"name":"Old Hamilton Rd","surface":"gravel","hierarchy":"Access","length_m":1825},"geometry":{"type":"MultiLineString","coordinates":[[[142.19219,-36.79955],[142.18373,-36.80583]],[[142.18373,-36.80583],[142.18255,-36.80673],[142.18207,-36.80718],[142.1818,-36.8076],[142.18105,-36.80834],[142.18001,-36.80899],[142.17986,-36.80935],[142.17999,-36.81012]]]}},{"type":"Feature","properties":{"name":"Three Mile Rd","surface":"gravel","hierarchy":"Access","length_m":2750},"geometry":{"type":"MultiLineString","coordinates":[[[142.04229,-36.68375],[142.04478,-36.68374]],[[142.04479,-36.68295],[142.04932,-36.68294]],[[142.09802,-36.68278],[142.10365,-36.68276]],[[142.10365,-36.68276],[142.1172,-36.68267]],[[142.1172,-36.68267],[142.12166,-36.68265]]]}},{"type":"Feature","properties":{"name":"Heards Rd","surface":"gravel","hierarchy":"Minor","length_m":9160},"geometry":{"type":"MultiLineString","coordinates":[[[142.04045,-36.91207],[142.04055,-36.91223],[142.04055,-36.9126],[142.04024,-36.91337],[142.04044,-36.9135],[142.05183,-36.91461]],[[142.05183,-36.91461],[142.06139,-36.91555]],[[142.06139,-36.91555],[142.07072,-36.91645]],[[142.07072,-36.91645],[142.08223,-36.91756]],[[142.08223,-36.91756],[142.09669,-36.919]],[[142.09669,-36.919],[142.11116,-36.92041]],[[142.11116,-36.92041],[142.129,-36.92218],[142.12954,-36.92204],[142.13023,-36.92151],[142.13058,-36.92136],[142.13262,-36.92096]],[[142.13262,-36.92096],[142.13896,-36.91997],[142.13987,-36.91996]],[[142.26719,-36.69441],[142.25998,-36.69439]],[[142.25998,-36.69439],[142.24544,-36.69435]],[[142.24544,-36.69435],[142.24142,-36.6944],[142.24044,-36.69467],[142.23801,-36.69602],[142.23746,-36.69652],[142.23699,-36.69745]]]}},{"type":"Feature","properties":{"name":"Mc Creddens Rd","surface":"gravel","hierarchy":"Access","length_m":6430},"geometry":{"type":"LineString","coordinates":[[141.73847,-36.68113],[141.75893,-36.68316],[141.75914,-36.68313],[141.75923,-36.68301],[141.75946,-36.68141],[141.75962,-36.68122],[141.75982,-36.6812],[141.77245,-36.68248],[141.77337,-36.68262],[141.77475,-36.6841],[141.77593,-36.68489],[141.77653,-36.68506],[141.77882,-36.68526],[141.7791,-36.68541],[141.77941,-36.68618],[141.77957,-36.68637],[141.78305,-36.68836],[141.78321,-36.68866],[141.78051,-36.70606]]}},{"type":"Feature","properties":{"name":"Hermans Rd","surface":"gravel","hierarchy":"Access","length_m":1125},"geometry":{"type":"LineString","coordinates":[[142.26958,-36.48239],[142.26952,-36.49252]]}},{"type":"Feature","properties":{"name":"Banyena Rd","surface":"gravel","hierarchy":"Access","length_m":8315},"geometry":{"type":"MultiLineString","coordinates":[[[142.11598,-36.56894],[142.11814,-36.56883],[142.12659,-36.5687],[142.12649,-36.56845],[142.12653,-36.56815],[142.12672,-36.56785],[142.13217,-36.56332],[142.13251,-36.56312],[142.13302,-36.56298],[142.13671,-36.56297]],[[142.13671,-36.56297],[142.16511,-36.56289]],[[142.16511,-36.56289],[142.20357,-36.5628]],[[142.20357,-36.5628],[142.21283,-36.56283],[142.21349,-36.56276],[142.22057,-36.56127]],[[142.22057,-36.56127],[142.22981,-36.55933],[142.23217,-36.55904],[142.23426,-36.55845],[142.24097,-36.55695],[142.25315,-36.55445]]]}},{"type":"Feature","properties":{"name":"Rasmussen Rd","surface":"gravel","hierarchy":"Access","length_m":1870},"geometry":{"type":"LineString","coordinates":[[142.20224,-36.69697],[142.22291,-36.69677],[142.22338,-36.69694]]}},{"type":"Feature","properties":{"name":"Lierschs Rd","surface":"gravel","hierarchy":"Minor","length_m":1205},"geometry":{"type":"LineString","coordinates":[[142.35825,-36.56083],[142.35835,-36.56073],[142.37191,-36.56077]]}},{"type":"Feature","properties":{"name":"Stapledons Rd","surface":"gravel","hierarchy":"Access","length_m":2501},"geometry":{"type":"MultiLineString","coordinates":[[[142.52331,-36.89924],[142.52333,-36.91045],[142.52378,-36.91278],[142.52341,-36.91434],[142.52337,-36.91868]],[[142.52337,-36.91868],[142.52333,-36.92277]]]}},{"type":"Feature","properties":{"name":"Roy Blakes Rd","surface":"gravel","hierarchy":"Access","length_m":2850},"geometry":{"type":"LineString","coordinates":[[141.96808,-37.1294],[141.96861,-37.1294],[141.97224,-37.12985],[141.97674,-37.13019],[141.9844,-37.13096],[141.98547,-37.13116],[141.98869,-37.13137],[141.9946,-37.13202],[141.99978,-37.13249]]}},{"type":"Feature","properties":{"name":"Fulham No 1 Rd","surface":"gravel","hierarchy":"Access","length_m":8850},"geometry":{"type":"LineString","coordinates":[[141.84146,-37.0782],[141.84291,-37.07806],[141.84383,-37.07805],[141.84679,-37.07831],[141.84787,-37.07848],[141.85019,-37.07921],[141.85135,-37.07969],[141.85267,-37.08036],[141.85363,-37.08112],[141.85518,-37.0826],[141.85571,-37.08336],[141.85633,-37.08444],[141.8575,-37.08738],[141.85757,-37.08785],[141.85761,-37.09217],[141.85701,-37.09754],[141.85735,-37.10354],[141.85731,-37.10413],[141.85526,-37.11701],[141.85427,-37.12355],[141.85432,-37.12372]]}},{"type":"Feature","properties":{"name":"L Heards Rd","surface":"gravel","hierarchy":"Access","length_m":1610},"geometry":{"type":"LineString","coordinates":[[141.87822,-36.83905],[141.87625,-36.85165]]}},{"type":"Feature","properties":{"name":"Grimble Geue Rd","surface":"gravel","hierarchy":"Minor","length_m":9090},"geometry":{"type":"LineString","coordinates":[[142.23523,-36.9771],[142.24729,-36.97714],[142.24801,-36.9772],[142.24825,-36.97736],[142.24956,-36.97918],[142.25506,-36.98712],[142.25563,-36.98765],[142.25631,-36.98853],[142.25734,-36.99055],[142.25945,-36.9937],[142.26149,-36.99428],[142.26341,-36.99542],[142.26373,-36.99539],[142.26425,-36.99508],[142.26465,-36.99502],[142.27139,-36.99615],[142.27268,-36.99713],[142.29522,-37.01],[142.29587,-37.01014],[142.30324,-37.01091],[142.30601,-37.01132],[142.30693,-37.01211],[142.31346,-37.01869],[142.31401,-37.01915]]}},{"type":"Feature","properties":{"name":"Mt Talbot Rd","surface":"gravel","hierarchy":"Minor","length_m":11258},"geometry":{"type":"MultiLineString","coordinates":[[[142.06951,-36.94454],[142.06748,-36.95761]],[[142.06736,-36.96738],[142.06707,-36.96936]],[[142.06,-36.96923],[142.0591,-36.97518]],[[142.05807,-36.98195],[142.05759,-36.98511]],[[142.05759,-36.98511],[142.05659,-36.99151]],[[142.05659,-36.99151],[142.0562,-36.99404]],[[142.0562,-36.99404],[142.05608,-36.9948],[142.0561,-36.99519],[142.05581,-36.99697],[142.05557,-36.99791],[142.05555,-36.99845]],[[142.05457,-37.00466],[142.05219,-37.02035]],[[142.05219,-37.02035],[142.05112,-37.02764],[142.05095,-37.02828],[142.05093,-37.02899],[142.05082,-37.02964]],[[142.05082,-37.02964],[142.0496,-37.0373]],[[142.0496,-37.0373],[142.04943,-37.03875]],[[142.04943,-37.03875],[142.04917,-37.04009]],[[142.04917,-37.04009],[142.04844,-37.04478]],[[142.04844,-37.04478],[142.04798,-37.04803]],[[142.04798,-37.04803],[142.04772,-37.05016],[142.0475,-37.0511],[142.04659,-37.05714]],[[142.04659,-37.05714],[142.0464,-37.0585]],[[142.04538,-37.06479],[142.04461,-37.07021]],[[142.04363,-37.07653],[142.04291,-37.08118],[142.04281,-37.08126]]]}},{"type":"Feature","properties":{"name":"Augheys Rd","surface":"gravel","hierarchy":"Access","length_m":1430},"geometry":{"type":"LineString","coordinates":[[142.38068,-37.01836],[142.38065,-37.02895]]}},{"type":"Feature","properties":{"name":"Worthys Rd","surface":"gravel","hierarchy":"Minor","length_m":1190},"geometry":{"type":"LineString","coordinates":[[141.77125,-36.78802],[141.78323,-36.7892]]}},{"type":"Feature","properties":{"name":"Mc Donalds Rd","surface":"gravel","hierarchy":"Access","length_m":6220},"geometry":{"type":"MultiLineString","coordinates":[[[142.02131,-36.85324],[142.01686,-36.88217]],[[142.01719,-36.8822],[142.01446,-36.90028],[142.01454,-36.90036],[142.02328,-36.90123],[142.02352,-36.90132]]]}},{"type":"Feature","properties":{"name":"Cooks Ln","surface":"gravel","hierarchy":"Minor","length_m":9310},"geometry":{"type":"MultiLineString","coordinates":[[[141.88877,-36.8695],[141.902,-36.87081]],[[141.902,-36.87081],[141.90385,-36.87099]],[[141.90385,-36.87099],[141.92021,-36.87261]],[[141.97732,-36.87826],[141.99045,-36.87956]],[[141.99045,-36.87956],[141.99994,-36.8805]],[[141.99994,-36.8805],[142.0129,-36.88177]],[[142.0129,-36.88177],[142.02332,-36.8828]],[[142.02332,-36.8828],[142.03336,-36.8838]],[[142.03336,-36.8838],[142.04859,-36.8853]]]}},{"type":"Feature","properties":{"name":"Wyn Wyn Rd","surface":"gravel","hierarchy":"Access","length_m":7895},"geometry":{"type":"MultiLineString","coordinates":[[[141.90504,-36.67902],[141.90608,-36.67915],[141.90701,-36.67937],[141.91126,-36.67994],[141.91308,-36.67978]],[[141.91308,-36.67978],[141.91482,-36.67942],[141.916,-36.6794],[141.91626,-36.67954],[141.91629,-36.68533]],[[141.91629,-36.68533],[141.9163,-36.69514]],[[141.9163,-36.69514],[141.91631,-36.7001]],[[141.91631,-36.7001],[141.91634,-36.70344],[141.91686,-36.70464],[141.91709,-36.7056],[141.91745,-36.70625],[141.9211,-36.71128]],[[141.9211,-36.71128],[141.92149,-36.71224],[141.92154,-36.7126],[141.92155,-36.71844]],[[141.92155,-36.71844],[141.92157,-36.73242]],[[141.92157,-36.73242],[141.92151,-36.74144]]]}},{"type":"Feature","properties":{"name":"Flacks Rd","surface":"gravel","hierarchy":"Access","length_m":2920},"geometry":{"type":"MultiLineString","coordinates":[[[142.1866,-36.5628],[142.18659,-36.57099]],[[142.18659,-36.57099],[142.18656,-36.57733]],[[142.1866,-36.60644],[142.18661,-36.60851]],[[142.18661,-36.60851],[142.18661,-36.61148]],[[142.18661,-36.62097],[142.18662,-36.62686]],[[142.18662,-36.62686],[142.18663,-36.62767]]]}},{"type":"Feature","properties":{"name":"Baillie St","surface":"gravel","hierarchy":"Minor","length_m":190},"geometry":{"type":"LineString","coordinates":[[142.17915,-36.71254],[142.18107,-36.71195]]}},{"type":"Feature","properties":{"name":"Remlaw Station Rd","surface":"gravel","hierarchy":"Access","length_m":9750},"geometry":{"type":"MultiLineString","coordinates":[[[142.11672,-36.62461],[142.11676,-36.63723]],[[142.11676,-36.63723],[142.11684,-36.64997]],[[142.11684,-36.64997],[142.1169,-36.66632]],[[142.1169,-36.66632],[142.117,-36.68087]],[[142.117,-36.68087],[142.11712,-36.69983]],[[142.1172,-36.71829],[142.11724,-36.72451]],[[142.11724,-36.72451],[142.11729,-36.7309]]]}},{"type":"Feature","properties":{"name":"Curran Rd","surface":"gravel","hierarchy":"Access","length_m":1290},"geometry":{"type":"MultiLineString","coordinates":[[[142.16713,-36.78216],[142.16728,-36.78926]],[[142.16896,-36.72698],[142.16898,-36.73268]],[[142.16874,-36.69705],[142.16875,-36.69926]]]}},{"type":"Feature","properties":{"name":"Bow Lake Rd","surface":"gravel","hierarchy":"Minor","length_m":3150},"geometry":{"type":"MultiLineString","coordinates":[[[141.82312,-36.92162],[141.82445,-36.92173]],[[141.82445,-36.92173],[141.83693,-36.92301]],[[141.83693,-36.92301],[141.84489,-36.92383]],[[141.84489,-36.92383],[141.85052,-36.9244]],[[141.85052,-36.9244],[141.85792,-36.92516]]]}},{"type":"Feature","properties":{"name":"Kendal Dr","surface":"gravel","hierarchy":"Access","length_m":190},"geometry":{"type":"LineString","coordinates":[[142.20215,-36.73667],[142.20216,-36.73697],[142.20204,-36.7373],[142.20182,-36.73759],[142.20091,-36.73802]]}},{"type":"Feature","properties":{"name":"Bracken St","surface":"gravel","hierarchy":"Access","length_m":78},"geometry":{"type":"LineString","coordinates":[[142.20177,-36.74012],[142.20178,-36.74086]]}},{"type":"Feature","properties":{"name":"West Wail Rd","surface":"gravel","hierarchy":"Access","length_m":979},"geometry":{"type":"LineString","coordinates":[[142.10726,-36.58265],[142.11677,-36.58258]]}},{"type":"Feature","properties":{"name":"Geodetic Rd","surface":"gravel","hierarchy":"Access","length_m":5335},"geometry":{"type":"MultiLineString","coordinates":[[[142.16831,-36.53774],[142.16831,-36.539]],[[142.16835,-36.55127],[142.1684,-36.55929]],[[142.1684,-36.55929],[142.16844,-36.56849]],[[142.16837,-36.58412],[142.16837,-36.5851]],[[142.16837,-36.5851],[142.16837,-36.5883]],[[142.16838,-36.62662],[142.16841,-36.63646]],[[142.16851,-36.65331],[142.16854,-36.6572]],[[142.16854,-36.6572],[142.16858,-36.66404]]]}},{"type":"Feature","properties":{"name":"Vectis Station Rd","surface":"gravel","hierarchy":"Access","length_m":3710},"geometry":{"type":"MultiLineString","coordinates":[[[142.06281,-36.67157],[142.06285,-36.68426]],[[142.06292,-36.70065],[142.06293,-36.7065]],[[142.06293,-36.7065],[142.06296,-36.71519]],[[142.06296,-36.71519],[142.06298,-36.72136]]]}},{"type":"Feature","properties":{"name":"Bells Rd","surface":"gravel","hierarchy":"Access","length_m":2000},"geometry":{"type":"MultiLineString","coordinates":[[[142.10119,-36.97203],[142.10271,-36.97199],[142.11443,-36.97313]],[[142.11443,-36.97313],[142.13845,-36.97554],[142.13925,-36.97556]],[[142.13925,-36.97556],[142.13967,-36.97557],[142.14021,-36.97572],[142.14102,-36.97575],[142.14129,-36.97585]],[[142.28657,-36.57384],[142.28782,-36.57385]]]}},{"type":"Feature","properties":{"name":"Old Noradjuha Rd","surface":"gravel","hierarchy":"Access","length_m":1462},"geometry":{"type":"LineString","coordinates":[[141.95105,-36.74275],[141.9512,-36.75596]]}},{"type":"Feature","properties":{"name":"Blakes Rd","surface":"gravel","hierarchy":"Minor","length_m":5880},"geometry":{"type":"MultiLineString","coordinates":[[[141.73071,-36.84358],[141.73092,-36.84369]],[[141.73092,-36.84369],[141.73448,-36.84404]],[[141.73448,-36.84404],[141.73729,-36.84439]],[[141.73729,-36.84439],[141.73838,-36.84444]],[[141.73838,-36.84444],[141.74211,-36.8449]],[[141.74211,-36.8449],[141.7433,-36.84508]],[[141.7433,-36.84508],[141.74661,-36.84531]],[[141.74661,-36.84531],[141.74794,-36.84555]],[[141.74794,-36.84555],[141.74869,-36.84557]],[[141.74869,-36.84557],[141.75523,-36.8462]],[[141.75523,-36.8462],[141.75701,-36.84644]],[[141.75701,-36.84644],[141.76045,-36.84671]],[[141.76045,-36.84671],[141.76643,-36.84733]],[[141.76643,-36.84733],[141.76752,-36.84745]],[[141.76752,-36.84745],[141.77076,-36.84774]],[[141.75523,-36.8462],[141.75647,-36.84637]],[[141.75647,-36.84637],[141.75701,-36.84644]],[[141.76752,-36.84745],[141.77365,-36.84801],[141.78459,-36.84919],[141.7852,-36.84904],[141.78577,-36.8491]],[[141.78577,-36.8491],[141.79251,-36.8498],[141.79347,-36.84997],[141.79612,-36.85025],[141.79671,-36.8504],[141.80445,-36.85118],[141.80476,-36.85131],[141.80505,-36.85133],[141.80564,-36.85117],[141.80696,-36.85142],[141.80823,-36.85147],[141.80894,-36.85164],[141.81004,-36.85169],[141.81146,-36.85189]],[[141.81146,-36.85189],[141.81245,-36.85188],[141.81316,-36.852],[141.81333,-36.85211],[141.81489,-36.85209],[141.8164,-36.85224],[141.81743,-36.85243],[141.81868,-36.85293],[141.81913,-36.85225]],[[142.32182,-36.7679],[142.3036,-36.76786]]]}},{"type":"Feature","properties":{"name":"Red Rock Rd","surface":"gravel","hierarchy":"Minor","length_m":8360},"geometry":{"type":"MultiLineString","coordinates":[[[142.13961,-36.99019],[142.13437,-36.98964],[142.13333,-36.98975],[142.13207,-36.98942],[142.13029,-36.98956],[142.12999,-36.98952],[142.12904,-36.98912],[142.12869,-36.98906],[142.12249,-36.98846]],[[142.12249,-36.98846],[142.1211,-36.98832]],[[142.1211,-36.98832],[142.11092,-36.98733]],[[142.11092,-36.98733],[142.10934,-36.98717],[142.10834,-36.99353]],[[142.10834,-36.99353],[142.10718,-37.00093]],[[142.10718,-37.00093],[142.10702,-37.00251],[142.10816,-37.00352]],[[142.10816,-37.00352],[142.10883,-37.00435],[142.10893,-37.00468],[142.10893,-37.00501],[142.10872,-37.00552],[142.10755,-37.00756]],[[142.10755,-37.00756],[142.10441,-37.01301],[142.10406,-37.01311],[142.10308,-37.01301]],[[142.10308,-37.01301],[142.09576,-37.01229]],[[142.09576,-37.01229],[142.09166,-37.01189],[142.0914,-37.01195],[142.09126,-37.01217],[142.09119,-37.01269]],[[142.09119,-37.01269],[142.08925,-37.02661]]]}},{"type":"Feature","properties":{"name":"Lowan School Rd","surface":"gravel","hierarchy":"Access","length_m":2430},"geometry":{"type":"LineString","coordinates":[[141.84845,-36.85072],[141.87504,-36.85334],[141.87555,-36.85334],[141.87576,-36.85324],[141.87607,-36.8529],[141.87625,-36.85165]]}},{"type":"Feature","properties":{"name":"Browns Rd","surface":"gravel","hierarchy":"Minor","length_m":3110},"geometry":{"type":"MultiLineString","coordinates":[[[141.91111,-36.77037],[141.91183,-36.77026],[141.91195,-36.7699],[141.91307,-36.76881],[141.91406,-36.76805],[141.91461,-36.76797],[141.94245,-36.76802]],[[141.94245,-36.76802],[141.95914,-36.76788]],[[141.9406,-36.76802],[141.94245,-36.76802]],[[141.94245,-36.76802],[141.9439,-36.76801]],[[141.96574,-36.76782],[141.96908,-36.76778]],[[142.28548,-36.7091],[142.27709,-36.70909]]]}},{"type":"Feature","properties":{"name":"Knight St","surface":"gravel","hierarchy":"Access","length_m":175},"geometry":{"type":"LineString","coordinates":[[141.94186,-36.74461],[141.94301,-36.7463]]}},{"type":"Feature","properties":{"name":"Old Minyip Rd","surface":"gravel","hierarchy":"Access","length_m":13220},"geometry":{"type":"MultiLineString","coordinates":[[[142.26368,-36.47013],[142.28009,-36.47017]],[[142.28009,-36.47017],[142.28381,-36.47016]],[[142.28381,-36.47016],[142.29837,-36.47018]],[[142.29837,-36.47018],[142.30064,-36.47018]],[[142.30064,-36.47018],[142.31352,-36.47024]],[[142.31352,-36.47024],[142.31777,-36.47039],[142.32645,-36.4704]],[[142.32645,-36.4704],[142.3393,-36.47043]],[[142.3393,-36.47043],[142.34004,-36.47044]],[[142.34004,-36.47044],[142.35199,-36.47048],[142.35401,-36.47044],[142.35512,-36.4703],[142.35676,-36.47048]],[[142.35676,-36.47048],[142.36702,-36.47047],[142.36822,-36.47034]]]}},{"type":"Feature","properties":{"name":"Major Mitchell Dr","surface":"gravel","hierarchy":"Access","length_m":15},"geometry":{"type":"LineString","coordinates":[[142.20336,-36.72415],[142.20352,-36.72419]]}},{"type":"Feature","properties":{"name":"Quades Rd","surface":"gravel","hierarchy":"Access","length_m":910},"geometry":{"type":"LineString","coordinates":[[141.86597,-36.60138],[141.86496,-36.60755],[141.86458,-36.61072],[141.86306,-36.62]]}},{"type":"Feature","properties":{"name":"Voigt Ln","surface":"gravel","hierarchy":"Minor","length_m":109},"geometry":{"type":"LineString","coordinates":[[142.20366,-36.72143],[142.20498,-36.72143]]}},{"type":"Feature","properties":{"name":"Drung-Jung Rd","surface":"gravel","hierarchy":"Access","length_m":6305},"geometry":{"type":"MultiLineString","coordinates":[[[142.33527,-36.71008],[142.33533,-36.71431],[142.33515,-36.71506],[142.33478,-36.71567],[142.33433,-36.71611],[142.3279,-36.72134],[142.32633,-36.72254],[142.32592,-36.72275]],[[142.32592,-36.72275],[142.3235,-36.72398]],[[142.33595,-36.66122],[142.33353,-36.66307]],[[142.33353,-36.66307],[142.33204,-36.66438],[142.33146,-36.66519],[142.33121,-36.6657],[142.33092,-36.66672]],[[142.33595,-36.66122],[142.33499,-36.66157],[142.33297,-36.66168]],[[142.33297,-36.66168],[142.33086,-36.6618],[142.33092,-36.66672]],[[142.3374,-36.60771],[142.33742,-36.6179]],[[142.33742,-36.6179],[142.3374,-36.62664]],[[142.3374,-36.62664],[142.3374,-36.63502]]]}},{"type":"Feature","properties":{"name":"Rodan Pl","surface":"gravel","hierarchy":"Access","length_m":105},"geometry":{"type":"LineString","coordinates":[[142.19441,-36.71103],[142.19626,-36.71102]]}},{"type":"Feature","properties":{"name":"John McPhees Dr","surface":"gravel","hierarchy":"Access","length_m":1000},"geometry":{"type":"MultiLineString","coordinates":[[[141.97425,-37.00939],[141.97401,-37.00867],[141.97388,-37.00728],[141.97369,-37.00634],[141.97349,-37.00582],[141.97389,-37.003]],[[141.9755,-37.02104],[141.97501,-37.02082],[141.97415,-37.02072],[141.97376,-37.02082],[141.97344,-37.02118],[141.97317,-37.02231],[141.97275,-37.02284]],[[141.97275,-37.02284],[141.97186,-37.02361],[141.97169,-37.02384],[141.97171,-37.02401],[141.97296,-37.02469],[141.97366,-37.02562],[141.97445,-37.02618],[141.97484,-37.0263],[141.97539,-37.02631],[141.97653,-37.02578],[141.97845,-37.02531],[141.98412,-37.02521]]]}},{"type":"Feature","properties":{"name":"Pryors Rd","surface":"gravel","hierarchy":"Access","length_m":187},"geometry":{"type":"LineString","coordinates":[[142.2232,-36.70436],[142.22529,-36.70436]]}},{"type":"Feature","properties":{"name":"Elliotts Back Ln","surface":"gravel","hierarchy":"Minor","length_m":7190},"geometry":{"type":"MultiLineString","coordinates":[[[141.76539,-37.14897],[141.76522,-37.14876],[141.77037,-37.11452],[141.77078,-37.11307]],[[141.76843,-37.15041],[141.7654,-37.14897]],[[141.77158,-37.11199],[141.7714,-37.11257]],[[141.77187,-37.11108],[141.77185,-37.11125]],[[141.77188,-37.11008],[141.77251,-37.1084],[141.77287,-37.10782],[141.77339,-37.10729]],[[141.77227,-37.10431],[141.77211,-37.10363],[141.77215,-37.10283]],[[141.7724,-37.10077],[141.77245,-37.10033]],[[141.77245,-37.10033],[141.7728,-37.09838]],[[141.77282,-37.09833],[141.77296,-37.09793]],[[141.77296,-37.09753],[141.7734,-37.09512]],[[141.77339,-37.10728],[141.77316,-37.10686]],[[141.77357,-37.09334],[141.77353,-37.09362]]]}},{"type":"Feature","properties":{"name":"Mc Kechnies Rd","surface":"gravel","hierarchy":"Minor","length_m":3895},"geometry":{"type":"MultiLineString","coordinates":[[[141.77357,-37.09334],[141.77358,-37.09333]],[[141.77365,-37.09283],[141.77436,-37.08813]],[[141.7747,-37.08592],[141.77557,-37.08017]],[[141.77643,-37.07449],[141.77869,-37.05955]],[[141.77877,-37.05853],[141.77874,-37.05847]]]}},{"type":"Feature","properties":{"name":"Remlaw Rd","surface":"gravel","hierarchy":"Access","length_m":5030},"geometry":{"type":"MultiLineString","coordinates":[[[142.07274,-36.71376],[142.08388,-36.71374]],[[142.08388,-36.71374],[142.09502,-36.7137]],[[142.09502,-36.7137],[142.10615,-36.71365]],[[142.10615,-36.71365],[142.1143,-36.71361],[142.11484,-36.71354]],[[142.16113,-36.71347],[142.16915,-36.71342]],[[142.18081,-36.71067],[142.18647,-36.70896]]]}},{"type":"Feature","properties":{"name":"Quick Sinclair Russells Rd","surface":"gravel","hierarchy":"Access","length_m":5750},"geometry":{"type":"MultiLineString","coordinates":[[[142.00569,-36.82359],[142.00336,-36.83886]],[[141.99449,-36.89645],[141.9937,-36.90163]],[[141.9937,-36.90163],[141.99321,-36.90484]],[[141.98494,-36.95859],[141.98372,-36.96662]],[[141.98372,-36.96662],[141.98268,-36.97332]],[[141.98268,-36.97332],[141.98248,-36.97455],[141.9825,-36.97501],[141.98182,-36.97904],[141.9808,-36.98609],[141.98089,-36.98624]]]}},{"type":"Feature","properties":{"name":"Black Range Rd","surface":"gravel","hierarchy":"Access","length_m":14415},"geometry":{"type":"LineString","coordinates":[[142.11454,-37.1121],[142.11504,-37.10784],[142.11514,-37.10749],[142.11631,-37.10613],[142.11805,-37.10493],[142.11821,-37.10471],[142.11898,-37.10243],[142.11937,-37.09754],[142.11962,-37.09638],[142.12078,-37.09239],[142.12073,-37.09203],[142.11992,-37.08946],[142.11962,-37.08886],[142.11676,-37.08557],[142.11282,-37.08216],[142.10985,-37.08017],[142.10487,-37.07858],[142.10436,-37.07828],[142.1022,-37.07655],[142.10171,-37.07632],[142.09746,-37.07549],[142.09478,-37.07462],[142.09262,-37.07335],[142.09141,-37.0725],[142.09085,-37.07194],[142.09241,-37.06166],[142.09258,-37.0612],[142.09272,-37.05994],[142.09297,-37.05925],[142.09405,-37.05886],[142.09786,-37.05812],[142.09891,-37.05776],[142.10436,-37.05537],[142.10653,-37.05492],[142.10814,-37.05442],[142.10862,-37.05411],[142.10934,-37.05347],[142.11033,-37.05286],[142.11091,-37.05268],[142.1148,-37.05192],[142.11601,-37.05145],[142.11727,-37.05069],[142.11879,-37.04997],[142.12051,-37.04983],[142.12485,-37.04886],[142.12614,-37.0488],[142.128,-37.04924],[142.12983,-37.04915],[142.13185,-37.04875],[142.13697,-37.04792],[142.13953,-37.04737],[142.14424,-37.04318],[142.14791,-37.04093],[142.14805,-37.04068],[142.1493,-37.03685],[142.14951,-37.0364],[142.14989,-37.036],[142.15406,-37.03242],[142.15667,-37.0299]]}},{"type":"Feature","properties":{"name":"Staehrs Rd","surface":"gravel","hierarchy":"Minor","length_m":6203},"geometry":{"type":"MultiLineString","coordinates":[[[142.28467,-36.94937],[142.2846,-36.97301]],[[142.2846,-36.97301],[142.28459,-36.97352]],[[142.28494,-36.8795],[142.28489,-36.89333]],[[142.28473,-36.92469],[142.28472,-36.92759]],[[142.28472,-36.92759],[142.28472,-36.92845]],[[142.28472,-36.92845],[142.28472,-36.92856]],[[142.28472,-36.92856],[142.28471,-36.9315]],[[142.28471,-36.93404],[142.28471,-36.93533]],[[142.28471,-36.93533],[142.28471,-36.93552]],[[142.28471,-36.93552],[142.2847,-36.93829]],[[142.2847,-36.93829],[142.2847,-36.93924]],[[142.2847,-36.93924],[142.28469,-36.94665]]]}},{"type":"Feature","properties":{"name":"Lears Rd","surface":"gravel","hierarchy":"Minor","length_m":1040},"geometry":{"type":"LineString","coordinates":[[141.74309,-36.71399],[141.74357,-36.71393],[141.74386,-36.714],[141.74552,-36.71488],[141.74806,-36.71597],[141.74973,-36.71651],[141.74995,-36.71679],[141.75042,-36.71785],[141.75123,-36.71821],[141.75318,-36.71966],[141.75517,-36.72102],[141.75597,-36.72123],[141.75686,-36.7213],[141.75703,-36.72153],[141.75697,-36.72212],[141.76089,-36.72409],[141.76286,-36.72557],[141.76575,-36.72678],[141.76614,-36.7273],[141.76635,-36.72743]]}},{"type":"Feature","properties":{"name":"Gates Rd","surface":"gravel","hierarchy":"Access","length_m":2083},"geometry":{"type":"MultiLineString","coordinates":[[[142.33998,-36.78913],[142.34047,-36.78961],[142.34053,-36.78981],[142.34053,-36.79951]],[[142.34053,-36.79951],[142.34052,-36.80738],[142.3405,-36.80771],[142.34032,-36.8079]]]}},{"type":"Feature","properties":{"name":"Cameron Rd","surface":"gravel","hierarchy":"Minor","length_m":690},"geometry":{"type":"MultiLineString","coordinates":[[[142.22359,-36.71907],[142.2236,-36.72202]],[[142.2236,-36.72202],[142.2236,-36.72502],[142.22371,-36.72522]]]}},{"type":"Feature","properties":{"name":"Peuckers Rd","surface":"gravel","hierarchy":"Access","length_m":3950},"geometry":{"type":"MultiLineString","coordinates":[[[142.2614,-36.76749],[142.26123,-36.76772],[142.26107,-36.76778],[142.25133,-36.76778]],[[142.25133,-36.76778],[142.24885,-36.76778],[142.24885,-36.76872]],[[142.24885,-36.76872],[142.24884,-36.78018]],[[142.24853,-36.85719],[142.24853,-36.85933],[142.24846,-36.85948],[142.24854,-36.85965],[142.2485,-36.86748],[142.24868,-36.86763]]]}},{"type":"Feature","properties":{"name":"Old Wartook Rd","surface":"gravel","hierarchy":"Access","length_m":2780},"geometry":{"type":"MultiLineString","coordinates":[[[142.28517,-36.82657],[142.28637,-36.82768]],[[142.28637,-36.82768],[142.29451,-36.8347]],[[142.31032,-36.85712],[142.31392,-36.86523]]]}},{"type":"Feature","properties":{"name":"Dock Lake Rd","surface":"gravel","hierarchy":"Access","length_m":980},"geometry":{"type":"MultiLineString","coordinates":[[[142.31997,-36.78257],[142.31427,-36.78256]],[[142.31427,-36.78256],[142.30933,-36.78255]]]}},{"type":"Feature","properties":{"name":"Arnotts Rd","surface":"gravel","hierarchy":"Access","length_m":1620},"geometry":{"type":"MultiLineString","coordinates":[[[142.37558,-36.84137],[142.36499,-36.84137]],[[142.36499,-36.84137],[142.35771,-36.84135]]]}},{"type":"Feature","properties":{"name":"Station St","surface":"gravel","hierarchy":"Access","length_m":415},"geometry":{"type":"MultiLineString","coordinates":[[[141.94548,-36.74337],[141.94726,-36.74341]],[[142.1185,-36.58756],[142.12226,-36.58562],[142.12234,-36.5855],[142.1223,-36.58537],[142.12183,-36.58489]]]}},{"type":"Feature","properties":{"name":"Pearsons Rd","surface":"gravel","hierarchy":"Minor","length_m":890},"geometry":{"type":"LineString","coordinates":[[142.16895,-36.73333],[142.16898,-36.73685],[142.16907,-36.73745],[142.16897,-36.73902],[142.16903,-36.74108],[142.16902,-36.74557],[142.16897,-36.74575],[142.1688,-36.74589]]}},{"type":"Feature","properties":{"name":"Rifle Butts Rd","surface":"gravel","hierarchy":"Minor","length_m":5010},"geometry":{"type":"MultiLineString","coordinates":[[[141.9791,-36.84907],[141.98907,-36.85005]],[[141.98907,-36.85005],[142.00408,-36.85152]],[[142.00408,-36.85152],[142.01968,-36.85308]],[[142.01968,-36.85308],[142.02004,-36.85311]],[[142.02004,-36.85311],[142.03445,-36.85453]],[[142.14106,-36.86249],[142.14585,-36.86306]]]}},{"type":"Feature","properties":{"name":"Schmidts Rd","surface":"gravel","hierarchy":"Minor","length_m":2110},"geometry":{"type":"MultiLineString","coordinates":[[[142.28429,-37.06189],[142.28429,-37.06198]],[[142.28425,-37.07255],[142.28421,-37.08028]],[[142.28421,-37.08028],[142.28416,-37.09121]]]}},{"type":"Feature","properties":{"name":"Mills Ave","surface":"gravel","hierarchy":"Access","length_m":116},"geometry":{"type":"LineString","coordinates":[[142.19487,-36.70062],[142.19622,-36.70061]]}},{"type":"Feature","properties":{"name":"Pennys Rd","surface":"gravel","hierarchy":"Access","length_m":1475},"geometry":{"type":"MultiLineString","coordinates":[[[142.19379,-36.82772],[142.19374,-36.83561]],[[142.19374,-36.83561],[142.19364,-36.84101]]]}},{"type":"Feature","properties":{"name":"Derwent Ln","surface":"gravel","hierarchy":"Access","length_m":3830},"geometry":{"type":"MultiLineString","coordinates":[[[141.96313,-37.07336],[141.95638,-37.07269]],[[141.95638,-37.07269],[141.94974,-37.07202]],[[141.94974,-37.07202],[141.94573,-37.07161]],[[141.94573,-37.07161],[141.93859,-37.0709]],[[141.93859,-37.0709],[141.92698,-37.06977]],[[141.92698,-37.06977],[141.9204,-37.06912]]]}},{"type":"Feature","properties":{"name":"Gross Rd","surface":"gravel","hierarchy":"Access","length_m":642},"geometry":{"type":"LineString","coordinates":[[142.33425,-36.72125],[142.33632,-36.72234],[142.33686,-36.72246],[142.33716,-36.72245],[142.3387,-36.72194],[142.33954,-36.72217],[142.3398,-36.7223],[142.34011,-36.72258],[142.34011,-36.7236],[142.34019,-36.72383]]}},{"type":"Feature","properties":{"name":"Hinnebergs Rd","surface":"gravel","hierarchy":"Access","length_m":1662},"geometry":{"type":"MultiLineString","coordinates":[[[142.02148,-36.56181],[142.02844,-36.56181]],[[142.04565,-36.56185],[142.04864,-36.56177],[142.05329,-36.56181]],[[142.0664,-36.56162],[142.06981,-36.56162]]]}},{"type":"Feature","properties":{"name":"Taylors Rd","surface":"gravel","hierarchy":"Minor","length_m":4560},"geometry":{"type":"MultiLineString","coordinates":[[[142.30351,-36.80041],[142.3035,-36.81186]],[[142.3035,-36.81186],[142.30349,-36.81601]],[[142.30349,-36.81601],[142.30347,-36.82674]],[[142.30347,-36.82674],[142.30346,-36.82746]],[[142.30346,-36.82746],[142.30342,-36.84092],[142.3031,-36.84143]]]}},{"type":"Feature","properties":{"name":"Rosebrook-Glenisla Rd","surface":"gravel","hierarchy":"Minor","length_m":5501},"geometry":{"type":"MultiLineString","coordinates":[[[142.33996,-37.0479],[142.33935,-37.04831],[142.33775,-37.04983],[142.33632,-37.05078],[142.33534,-37.05171]],[[142.33534,-37.05171],[142.33454,-37.05237],[142.33284,-37.05351],[142.33014,-37.05577],[142.32859,-37.05688],[142.32754,-37.05797],[142.32624,-37.05875],[142.32532,-37.05971],[142.32322,-37.06103],[142.32287,-37.06158],[142.32219,-37.06183],[142.32122,-37.06284],[142.31953,-37.06424],[142.31782,-37.06517],[142.31586,-37.0671],[142.31523,-37.06763],[142.31163,-37.07021],[142.31085,-37.07095],[142.31014,-37.0715],[142.30886,-37.07209],[142.30843,-37.07238],[142.30791,-37.07301],[142.30677,-37.07405]],[[142.30677,-37.07405],[142.30583,-37.07491],[142.30451,-37.07572],[142.30427,-37.07613],[142.30393,-37.07643],[142.3035,-37.07655],[142.30331,-37.07669]],[[142.30331,-37.07669],[142.30261,-37.07721]]]}},{"type":"Feature","properties":{"name":"Mc Tavish Blvd","surface":"gravel","hierarchy":"Access","length_m":20},"geometry":{"type":"LineString","coordinates":[[142.19347,-36.72988],[142.19328,-36.72998]]}},{"type":"Feature","properties":{"name":"Victoria Valley Rd","surface":"gravel","hierarchy":"Collector","length_m":3120},"geometry":{"type":"MultiLineString","coordinates":[[[142.23491,-37.08255],[142.23491,-37.08275]],[[142.23491,-37.08275],[142.235,-37.08495],[142.23482,-37.08872],[142.23481,-37.09498],[142.235,-37.0965],[142.23482,-37.09818],[142.23462,-37.0988],[142.23468,-37.10207],[142.2348,-37.1026],[142.2349,-37.10446],[142.23484,-37.10503],[142.23457,-37.10605]],[[142.23459,-37.10705],[142.23458,-37.10661]],[[142.2346,-37.11092],[142.23467,-37.10937]],[[142.23467,-37.12055],[142.23489,-37.11983],[142.23493,-37.11927],[142.23478,-37.11895]],[[142.23474,-37.11407],[142.23468,-37.11381]],[[142.2347,-37.10909],[142.23472,-37.10781]],[[142.23485,-37.11632],[142.23475,-37.11428]]]}},{"type":"Feature","properties":{"name":"Carters Dr","surface":"gravel","hierarchy":"Access","length_m":730},"geometry":{"type":"LineString","coordinates":[[142.36191,-37.0527],[142.35698,-37.05672]]}},{"type":"Feature","properties":{"name":"Rees Rd","surface":"gravel","hierarchy":"Minor","length_m":1390},"geometry":{"type":"MultiLineString","coordinates":[[[142.06681,-37.09704],[142.07009,-37.09208],[142.07046,-37.09174],[142.07067,-37.09165],[142.07128,-37.09158],[142.08597,-37.09292]],[[142.08597,-37.09292],[142.0876,-37.09306],[142.08772,-37.09284],[142.09085,-37.07194]]]}},{"type":"Feature","properties":{"name":"Justins Ln","surface":"gravel","hierarchy":"Minor","length_m":730},"geometry":{"type":"LineString","coordinates":[[142.16524,-37.04576],[142.16531,-37.0582]]}},{"type":"Feature","properties":{"name":"Brim Springs West Ln","surface":"gravel","hierarchy":"Access","length_m":2500},"geometry":{"type":"LineString","coordinates":[[142.19309,-37.04852],[142.19252,-37.04844],[142.19184,-37.04857],[142.19113,-37.04852],[142.18618,-37.04797],[142.18548,-37.04796],[142.18456,-37.04777],[142.18119,-37.04748],[142.18007,-37.04721],[142.17693,-37.04714],[142.17511,-37.04675],[142.16524,-37.04576]]}},{"type":"Feature","properties":{"name":"Grahams Bridge Rd","surface":"gravel","hierarchy":"Access","length_m":21420},"geometry":{"type":"MultiLineString","coordinates":[[[142.21235,-36.77337],[142.21232,-36.78221]],[[142.21232,-36.78221],[142.21232,-36.78243]],[[142.21232,-36.78243],[142.21224,-36.79739]],[[142.21214,-36.83736],[142.21209,-36.84166]],[[142.21209,-36.84166],[142.21223,-36.8489],[142.21266,-36.85183],[142.21256,-36.85318]],[[142.21256,-36.85318],[142.21249,-36.85417],[142.21281,-36.85882],[142.2132,-36.85938],[142.21328,-36.86007]],[[142.21408,-36.8788],[142.21416,-36.8802]],[[142.21416,-36.8802],[142.21435,-36.88306],[142.21454,-36.88385],[142.21756,-36.88926]],[[142.21756,-36.88926],[142.22199,-36.89717]],[[142.22199,-36.89717],[142.22426,-36.90124]],[[142.22426,-36.90124],[142.22919,-36.91007]],[[142.22919,-36.91007],[142.2358,-36.92189],[142.23594,-36.92232],[142.23598,-36.92284],[142.23597,-36.92527]],[[142.23597,-36.92527],[142.23593,-36.93433]],[[142.23593,-36.93433],[142.23584,-36.94521],[142.23571,-36.94583]],[[142.23539,-36.94814],[142.23542,-36.95318],[142.23533,-36.96223]],[[142.23533,-36.96223],[142.23524,-36.97678]],[[142.23524,-36.97678],[142.23526,-36.98167],[142.23542,-36.9842]],[[142.23542,-36.9842],[142.23539,-36.99499]],[[142.23539,-36.99499],[142.23535,-37.00405]],[[142.23535,-37.00405],[142.23532,-37.01307]],[[142.23532,-37.01307],[142.23528,-37.02273]]]}},{"type":"Feature","properties":{"name":"Joys Rd","surface":"gravel","hierarchy":"Access","length_m":2023},"geometry":{"type":"MultiLineString","coordinates":[[[142.46469,-36.7465],[142.46575,-36.74704],[142.46712,-36.74864],[142.46735,-36.74914],[142.4682,-36.75242],[142.4682,-36.75278],[142.46802,-36.75298],[142.46628,-36.75407],[142.46557,-36.75468],[142.46521,-36.75522]],[[142.46521,-36.75522],[142.46485,-36.75584],[142.46465,-36.75653],[142.46468,-36.75749],[142.46483,-36.75787]],[[142.46483,-36.75787],[142.46491,-36.75807]]]}},{"type":"Feature","properties":{"name":"Fultons Rd","surface":"gravel","hierarchy":"Access","length_m":910},"geometry":{"type":"MultiLineString","coordinates":[[[142.13555,-36.76283],[142.13554,-36.7653]],[[142.13554,-36.7653],[142.13558,-36.7716],[142.13547,-36.77179]]]}},{"type":"Feature","properties":{"name":"Tyers Rd","surface":"gravel","hierarchy":"Minor","length_m":500},"geometry":{"type":"LineString","coordinates":[[142.11522,-36.83952],[142.12263,-36.84026]]}},{"type":"Feature","properties":{"name":"Hickeys Rd","surface":"gravel","hierarchy":"Minor","length_m":3190},"geometry":{"type":"MultiLineString","coordinates":[[[142.28312,-36.90107],[142.26838,-36.90103]],[[142.26838,-36.90103],[142.25349,-36.901]],[[142.25349,-36.901],[142.23985,-36.90097],[142.23878,-36.90121],[142.23603,-36.90111],[142.23559,-36.90117],[142.23317,-36.90117]]]}},{"type":"Feature","properties":{"name":"Howards Rd","surface":"gravel","hierarchy":"Minor","length_m":2020},"geometry":{"type":"MultiLineString","coordinates":[[[142.11894,-36.94086],[142.12567,-36.94096]],[[142.12567,-36.94096],[142.12982,-36.94102]],[[142.12982,-36.94102],[142.13914,-36.94117],[142.14027,-36.94143],[142.14158,-36.94144]]]}},{"type":"Feature","properties":{"name":"Centre Rd","surface":"gravel","hierarchy":"Access","length_m":1920},"geometry":{"type":"MultiLineString","coordinates":[[[142.28442,-36.75316],[142.26714,-36.75319]],[[142.30019,-36.66631],[142.30222,-36.66628]],[[142.30222,-36.66628],[142.30565,-36.66629]]]}},{"type":"Feature","properties":{"name":"West Rd","surface":"gravel","hierarchy":"Access","length_m":2100},"geometry":{"type":"MultiLineString","coordinates":[[[142.26721,-36.73761],[142.26719,-36.74227]],[[142.26719,-36.74227],[142.26711,-36.75794]]]}},{"type":"Feature","properties":{"name":"Keytes Rd","surface":"gravel","hierarchy":"Minor","length_m":6020},"geometry":{"type":"LineString","coordinates":[[141.94245,-36.75604],[141.94228,-36.75621],[141.94245,-36.76802],[141.94224,-36.76836],[141.9344,-36.77582],[141.93431,-36.77608],[141.93427,-36.79274],[141.93419,-36.79319],[141.93137,-36.7976],[141.93126,-36.8],[141.93133,-36.80669],[141.93114,-36.80704]]}},{"type":"Feature","properties":{"name":"Tuckers Rd","surface":"gravel","hierarchy":"Minor","length_m":200},"geometry":{"type":"LineString","coordinates":[[142.31682,-36.66289],[142.31682,-36.66312],[142.31673,-36.6632],[142.31433,-36.66322]]}},{"type":"Feature","properties":{"name":"Golton Rd","surface":"gravel","hierarchy":"Access","length_m":7000},"geometry":{"type":"MultiLineString","coordinates":[[[142.44967,-36.73684],[142.44964,-36.75698]],[[142.44964,-36.75698],[142.44961,-36.77267]],[[142.44961,-36.77267],[142.44964,-36.78679]],[[142.44964,-36.78679],[142.44964,-36.80408]]]}},{"type":"Feature","properties":{"name":"Whyatts Rd","surface":"gravel","hierarchy":"Access","length_m":1390},"geometry":{"type":"LineString","coordinates":[[142.46528,-36.79688],[142.44964,-36.79688]]}},{"type":"Feature","properties":{"name":"Daveys Rd","surface":"gravel","hierarchy":"Access","length_m":1000},"geometry":{"type":"LineString","coordinates":[[142.36822,-36.47034],[142.37099,-36.47029],[142.3797,-36.47033],[142.38065,-36.47046],[142.38175,-36.47049],[142.39584,-36.47052],[142.39875,-36.47027]]}},{"type":"Feature","properties":{"name":"Derry Pde","surface":"gravel","hierarchy":"Access","length_m":320},"geometry":{"type":"MultiLineString","coordinates":[[[142.21592,-36.73304],[142.21713,-36.73304]],[[142.21713,-36.73304],[142.22077,-36.73306]],[[142.22077,-36.73306],[142.22367,-36.73308]]]}},{"type":"Feature","properties":{"name":"Plant Ave","surface":"gravel","hierarchy":"Access","length_m":64},"geometry":{"type":"LineString","coordinates":[[142.20623,-36.72443],[142.20693,-36.72442]]}},{"type":"Feature","properties":{"name":"Lawsons Rd","surface":"gravel","hierarchy":"Access","length_m":1282},"geometry":{"type":"MultiLineString","coordinates":[[[142.16349,-36.54721],[142.17458,-36.54719]],[[142.17458,-36.54719],[142.17723,-36.54719]]]}},{"type":"Feature","properties":{"name":"Plumpton Rd","surface":"gravel","hierarchy":"Minor","length_m":105},"geometry":{"type":"LineString","coordinates":[[142.19651,-36.73337],[142.19769,-36.73336]]}},{"type":"Feature","properties":{"name":"Reynolds Rd","surface":"gravel","hierarchy":"Access","length_m":8310},"geometry":{"type":"MultiLineString","coordinates":[[[142.1814,-36.52824],[142.19674,-36.52816]],[[142.19674,-36.52816],[142.2084,-36.52811]],[[142.2084,-36.52811],[142.21181,-36.52809]],[[142.21181,-36.52809],[142.21293,-36.52813]],[[142.21018,-36.5281],[142.21181,-36.52809]],[[142.28524,-36.79718],[142.27062,-36.79716]],[[142.27062,-36.79716],[142.26701,-36.79715]],[[142.26701,-36.79715],[142.25811,-36.79713]],[[142.25811,-36.79713],[142.25804,-36.79713]],[[142.25804,-36.79713],[142.24875,-36.79711]],[[142.24875,-36.79711],[142.24337,-36.79707]],[[142.24337,-36.79707],[142.24239,-36.79713]],[[142.24239,-36.79713],[142.24227,-36.79713]],[[142.24227,-36.79713],[142.24149,-36.79713]],[[142.24149,-36.79713],[142.24016,-36.79712]],[[142.24016,-36.79712],[142.23048,-36.79707],[142.22876,-36.79707]],[[142.22876,-36.79707],[142.22727,-36.79706]],[[142.22727,-36.79706],[142.21269,-36.79702]],[[142.24149,-36.79713],[142.2368,-36.7971]]]}},{"type":"Feature","properties":{"name":"Smiths Rd","surface":"gravel","hierarchy":"Access","length_m":7045},"geometry":{"type":"MultiLineString","coordinates":[[[141.93718,-37.20667],[141.93805,-37.20143]],[[141.93829,-37.19998],[141.93897,-37.19485]],[[142.31067,-36.5387],[142.311,-36.53877]],[[142.311,-36.53877],[142.32157,-36.53873]],[[142.32157,-36.53873],[142.33712,-36.53867]],[[142.311,-36.53877],[142.31731,-36.53875]],[[142.31731,-36.53875],[142.32157,-36.53873]],[[142.35669,-36.98026],[142.35546,-36.98026]],[[142.35546,-36.98026],[142.35139,-36.98025]],[[142.35139,-36.98025],[142.34857,-36.98025]],[[142.34857,-36.98025],[142.34257,-36.98024]],[[142.34257,-36.98024],[142.34105,-36.98024],[142.33059,-36.98025],[142.32746,-36.98027]],[[142.32746,-36.98027],[142.32521,-36.98029]],[[142.34257,-36.98024],[142.342,-36.98024]],[[142.3526,-36.53912],[142.35375,-36.53913]],[[142.35375,-36.53913],[142.35506,-36.53913]],[[142.35506,-36.53913],[142.35633,-36.53913]],[[142.35633,-36.53913],[142.35903,-36.53914]],[[142.35903,-36.53914],[142.35948,-36.53914]],[[142.33715,-36.5391],[142.35375,-36.53913]],[[142.35506,-36.53913],[142.35903,-36.53914]],[[142.35903,-36.53914],[142.36906,-36.53916]]]}},{"type":"Feature","properties":{"name":"Crutes South Rd","surface":"gravel","hierarchy":"Access","length_m":940},"geometry":{"type":"LineString","coordinates":[[142.48464,-36.87327],[142.48208,-36.87527],[142.48185,-36.87569],[142.48149,-36.87604],[142.47989,-36.87726],[142.47889,-36.8783],[142.47626,-36.88046],[142.47554,-36.88093]]}},{"type":"Feature","properties":{"name":"Kings Rd","surface":"gravel","hierarchy":"Access","length_m":3240},"geometry":{"type":"MultiLineString","coordinates":[[[142.2603,-36.45521],[142.26606,-36.45522]],[[142.26606,-36.45522],[142.27171,-36.45522]],[[142.27171,-36.45522],[142.29654,-36.45525]]]}},{"type":"Feature","properties":{"name":"Dogwood Rd","surface":"gravel","hierarchy":"Minor","length_m":4555},"geometry":{"type":"MultiLineString","coordinates":[[[142.27733,-36.55301],[142.27734,-36.55314]],[[142.27734,-36.55314],[142.2774,-36.56432]],[[142.2774,-36.56432],[142.27753,-36.5794]],[[142.27753,-36.5794],[142.27762,-36.59383],[142.27766,-36.59403],[142.27792,-36.59428]]]}},{"type":"Feature","properties":{"name":"Mackies Rd","surface":"gravel","hierarchy":"Access","length_m":2115},"geometry":{"type":"MultiLineString","coordinates":[[[142.2119,-36.76768],[142.23029,-36.7677]],[[142.23029,-36.7677],[142.23098,-36.7677]],[[142.23098,-36.7677],[142.23613,-36.76774]]]}},{"type":"Feature","properties":{"name":"Rahleys Rd","surface":"gravel","hierarchy":"Access","length_m":2760},"geometry":{"type":"LineString","coordinates":[[142.55943,-36.9253],[142.54121,-36.92533],[142.53936,-36.92546],[142.53836,-36.9253],[142.53397,-36.92538],[142.52987,-36.9253],[142.52871,-36.9254],[142.52837,-36.92551]]}},{"type":"Feature","properties":{"name":"Donald Swamp Rd","surface":"gravel","hierarchy":"Access","length_m":7085},"geometry":{"type":"LineString","coordinates":[[142.17801,-36.9013],[142.1779,-36.90735],[142.17776,-36.90748],[142.17641,-36.90752],[142.17625,-36.90761],[142.17621,-36.90774],[142.17613,-36.93205],[142.17602,-36.93245],[142.17574,-36.9328],[142.17177,-36.93637],[142.17165,-36.93651],[142.17156,-36.93681],[142.17146,-36.94156],[142.17137,-36.96262]]}},{"type":"Feature","properties":{"name":"Schultz Rd","surface":"gravel","hierarchy":"Access","length_m":640},"geometry":{"type":"LineString","coordinates":[[141.66097,-36.93413],[141.66097,-36.93413]]}},{"type":"Feature","properties":{"name":"Moores Rd","surface":"gravel","hierarchy":"Access","length_m":551},"geometry":{"type":"MultiLineString","coordinates":[[[142.16383,-36.67161],[142.16589,-36.67162]],[[142.16589,-36.67162],[142.16845,-36.67162]],[[142.16845,-36.67162],[142.16862,-36.67162]]]}},{"type":"Feature","properties":{"name":"Petrie Ln","surface":"gravel","hierarchy":"Access","length_m":2230},"geometry":{"type":"MultiLineString","coordinates":[[[142.23477,-36.69672],[142.23492,-36.69686],[142.23558,-36.69695],[142.23563,-36.69702],[142.23553,-36.69717],[142.23421,-36.69809]],[[142.23421,-36.69809],[142.23397,-36.69827],[142.2338,-36.69866],[142.23384,-36.69921],[142.23366,-36.69952],[142.23295,-36.70007]],[[142.23295,-36.70007],[142.23197,-36.70051],[142.23114,-36.70065],[142.23072,-36.70085],[142.23025,-36.70126]],[[142.23025,-36.70126],[142.22903,-36.70232],[142.22787,-36.70379],[142.22732,-36.7043],[142.22651,-36.70442]],[[142.22651,-36.70442],[142.22542,-36.70436]]]}},{"type":"Feature","properties":{"name":"Caroline St","surface":"gravel","hierarchy":"Access","length_m":73},"geometry":{"type":"LineString","coordinates":[[142.20802,-36.70889],[142.20803,-36.70919],[142.2079,-36.70938],[142.20806,-36.70951]]}},{"type":"Feature","properties":{"name":"Darragan Pit Rd","surface":"gravel","hierarchy":"Access","length_m":4940},"geometry":{"type":"MultiLineString","coordinates":[[[141.99372,-36.79285],[142.00395,-36.79385]],[[142.00395,-36.79385],[142.00945,-36.79438]],[[142.00945,-36.79438],[142.01183,-36.79463]],[[142.01183,-36.79463],[142.02092,-36.79552]],[[142.02092,-36.79552],[142.02224,-36.79573],[142.0228,-36.79596],[142.02794,-36.79872]],[[142.02794,-36.79872],[142.03879,-36.80481],[142.04335,-36.80717],[142.04437,-36.80799]]]}},{"type":"Feature","properties":{"name":"Fulbrooks Rd","surface":"gravel","hierarchy":"Minor","length_m":2010},"geometry":{"type":"MultiLineString","coordinates":[[[142.47751,-36.85573],[142.47452,-36.85572]],[[142.45622,-36.85574],[142.4535,-36.85569],[142.45285,-36.85576],[142.45205,-36.85568],[142.44756,-36.85578],[142.44703,-36.85567],[142.44605,-36.85579],[142.44499,-36.85576],[142.44448,-36.85567],[142.44404,-36.85578],[142.44315,-36.85578],[142.44175,-36.85567],[142.44069,-36.85579],[142.43812,-36.85569],[142.43684,-36.85575]]]}},{"type":"Feature","properties":{"name":"Exells Rd","surface":"gravel","hierarchy":"Minor","length_m":860},"geometry":{"type":"LineString","coordinates":[[142.18088,-36.81112],[142.18123,-36.81138],[142.1816,-36.81153],[142.18202,-36.81164],[142.18303,-36.8117],[142.19035,-36.81164]]}},{"type":"Feature","properties":{"name":"Flat Rock Rd","surface":"gravel","hierarchy":"Access","length_m":1980},"geometry":{"type":"MultiLineString","coordinates":[[[142.39483,-36.83783],[142.39481,-36.84118]],[[142.39481,-36.84118],[142.39475,-36.85583]]]}},{"type":"Feature","properties":{"name":"Dunns Rd","surface":"gravel","hierarchy":"Access","length_m":1450},"geometry":{"type":"LineString","coordinates":[[142.23784,-36.87823],[142.23581,-36.88141],[142.23509,-36.88227],[142.23462,-36.88314],[142.23479,-36.88413],[142.23481,-36.88481],[142.23499,-36.8853],[142.23502,-36.88559],[142.23487,-36.88838],[142.23493,-36.8889],[142.23536,-36.89035],[142.23528,-36.89042],[142.23536,-36.89059]]}},{"type":"Feature","properties":{"name":"Puls Ln","surface":"gravel","hierarchy":"Minor","length_m":660},"geometry":{"type":"MultiLineString","coordinates":[[[142.10382,-36.88016],[142.10341,-36.88094],[142.10327,-36.88214]],[[142.10327,-36.88214],[142.10258,-36.88626]]]}},{"type":"Feature","properties":{"name":"Winfields Rd","surface":"gravel","hierarchy":"Access","length_m":9117},"geometry":{"type":"MultiLineString","coordinates":[[[142.35815,-36.92095],[142.35815,-36.92373]],[[142.35815,-36.92373],[142.35815,-36.93214]],[[142.35815,-36.93214],[142.35816,-36.94072]],[[142.35816,-36.94072],[142.35812,-36.94601]],[[142.35824,-36.82252],[142.35821,-36.82561]],[[142.35821,-36.82561],[142.35817,-36.8314]],[[142.35817,-36.8314],[142.35816,-36.83616]],[[142.35816,-36.83616],[142.35816,-36.84021]],[[142.35816,-36.84021],[142.35815,-36.84093]],[[142.35815,-36.84093],[142.35824,-36.84179],[142.35802,-36.84241],[142.35796,-36.84381],[142.35821,-36.84494]],[[142.35821,-36.84494],[142.35826,-36.85105]],[[142.35826,-36.85105],[142.35826,-36.85676]],[[142.35826,-36.85676],[142.35827,-36.86343]],[[142.35827,-36.86343],[142.35828,-36.86566]],[[142.35828,-36.86566],[142.35838,-36.86823],[142.35826,-36.86968]],[[142.35827,-36.8849],[142.35827,-36.88496]]]}},{"type":"Feature","properties":{"name":"Mt Zero Rd","surface":"gravel","hierarchy":"Access","length_m":440},"geometry":{"type":"MultiLineString","coordinates":[[[142.36005,-36.88081],[142.3583,-36.8808]],[[142.37269,-36.89015],[142.3742,-36.89042]]]}},{"type":"Feature","properties":{"name":"Franciscos Rd","surface":"gravel","hierarchy":"Access","length_m":6220},"geometry":{"type":"MultiLineString","coordinates":[[[142.25991,-36.87829],[142.25975,-36.91358],[142.25992,-36.91372],[142.26095,-36.91376],[142.262,-36.91407],[142.26214,-36.91418],[142.26211,-36.9173],[142.26223,-36.91755],[142.27218,-36.91759]],[[142.27209,-36.91754],[142.27218,-36.91759]],[[142.27218,-36.91759],[142.27493,-36.91759],[142.2752,-36.91767]]]}},{"type":"Feature","properties":{"name":"Samuel Dr","surface":"gravel","hierarchy":"Access","length_m":1400},"geometry":{"type":"LineString","coordinates":[[142.35595,-37.04344],[142.35578,-37.04348],[142.35392,-37.0463],[142.35355,-37.04672],[142.34921,-37.04943],[142.3491,-37.04959],[142.34912,-37.04976],[142.34965,-37.05099],[142.34971,-37.05259],[142.34904,-37.05345]]}},{"type":"Feature","properties":{"name":"Dyers Rd","surface":"gravel","hierarchy":"Minor","length_m":3245},"geometry":{"type":"MultiLineString","coordinates":[[[141.9952,-37.06191],[141.99893,-37.06227]],[[141.99893,-37.06227],[142.01274,-37.06363]],[[142.01274,-37.06363],[142.0231,-37.06465],[142.02328,-37.06476],[142.0234,-37.06546],[142.02361,-37.06567],[142.0242,-37.06595]],[[142.0242,-37.06595],[142.02527,-37.06662],[142.02632,-37.06696],[142.02669,-37.06744],[142.02701,-37.06853],[142.02725,-37.06869],[142.02982,-37.06895]]]}},{"type":"Feature","properties":{"name":"Tom Smiths Rd","surface":"gravel","hierarchy":"Access","length_m":500},"geometry":{"type":"LineString","coordinates":[[142.21173,-37.07527],[142.21173,-37.07621],[142.21158,-37.07682],[142.21154,-37.07973]]}},{"type":"Feature","properties":{"name":"Brennans Rd","surface":"gravel","hierarchy":"Minor","length_m":4300},"geometry":{"type":"MultiLineString","coordinates":[[[142.04281,-37.08126],[142.02381,-37.07937],[142.02295,-37.07922],[142.01918,-37.07893],[142.01138,-37.07813]],[[142.01138,-37.07813],[142.00583,-37.07757]],[[141.98728,-37.07576],[141.97651,-37.0747]]]}},{"type":"Feature","properties":{"name":"Wades Rd","surface":"gravel","hierarchy":"Access","length_m":4110},"geometry":{"type":"LineString","coordinates":[[141.80731,-37.12002],[141.80758,-37.11979],[141.80766,-37.1196],[141.81332,-37.08345],[141.82027,-37.08418],[141.83152,-37.08521],[141.83674,-37.08194],[141.83699,-37.08165],[141.83773,-37.08024],[141.83849,-37.07942],[141.83908,-37.07895],[141.84032,-37.07846],[141.84146,-37.0782]]}},{"type":"Feature","properties":{"name":"Dunstans Rd","surface":"gravel","hierarchy":"Minor","length_m":6170},"geometry":{"type":"MultiLineString","coordinates":[[[142.00816,-37.0778],[142.0074,-37.08316],[142.00552,-37.0952]],[[142.00552,-37.0952],[142.0046,-37.10099]],[[142.0046,-37.10099],[142.00334,-37.10906]],[[142.00334,-37.10906],[142.00041,-37.12827]],[[142.00041,-37.12827],[141.99916,-37.13657]],[[141.99916,-37.13657],[141.99872,-37.13946],[141.99869,-37.14023],[141.99832,-37.14089],[141.99833,-37.14209],[141.99852,-37.14269],[141.99829,-37.1432],[141.99807,-37.1446],[141.99786,-37.14497],[141.99742,-37.14774]]]}},{"type":"Feature","properties":{"name":"Les Mutchs Rd","surface":"gravel","hierarchy":"Minor","length_m":3000},"geometry":{"type":"LineString","coordinates":[[141.96433,-37.15373],[141.95119,-37.15238],[141.95043,-37.15236],[141.94833,-37.15208],[141.94276,-37.15165],[141.94116,-37.15142],[141.93553,-37.15093],[141.93183,-37.15047],[141.93146,-37.15017],[141.93124,-37.15016]]}},{"type":"Feature","properties":{"name":"Laharum-Grahams Bridge Rd","surface":"gravel","hierarchy":"Access","length_m":6610},"geometry":{"type":"MultiLineString","coordinates":[[[142.32385,-36.94674],[142.32133,-36.94673]],[[142.32133,-36.94673],[142.3035,-36.94666]],[[142.3035,-36.94666],[142.29945,-36.94666]],[[142.29945,-36.94666],[142.28577,-36.94665]],[[142.28577,-36.94665],[142.28469,-36.94665],[142.28468,-36.94907]],[[142.28468,-36.94907],[142.28467,-36.94937],[142.2842,-36.94945],[142.27426,-36.94941]],[[142.27426,-36.94941],[142.27328,-36.94944]],[[142.27328,-36.94944],[142.27268,-36.94949],[142.27232,-36.94978],[142.27214,-36.95002],[142.27205,-36.95066],[142.27243,-36.95221]],[[142.24854,-36.95338],[142.248,-36.9534],[142.24788,-36.9531]],[[142.24788,-36.9531],[142.24752,-36.95252],[142.24668,-36.95178],[142.24364,-36.95043],[142.24283,-36.94987],[142.24229,-36.94926],[142.24139,-36.94902],[142.24084,-36.94872],[142.24029,-36.94804],[142.23973,-36.94761],[142.23843,-36.94735],[142.23702,-36.94726],[142.23622,-36.94701],[142.23544,-36.94656]]]}},{"type":"Feature","properties":{"name":"Digger Jims Rd","surface":"gravel","hierarchy":"Minor","length_m":9050},"geometry":{"type":"LineString","coordinates":[[141.79325,-36.99823],[141.80271,-36.99921],[141.80361,-36.99948],[141.80415,-36.99936],[141.80566,-36.99944],[141.81184,-37.00013],[141.82121,-37.00097],[141.8253,-37.00142],[141.82578,-37.00141],[141.82596,-37.00121],[141.82619,-37.00117],[141.85495,-37.0041],[141.85817,-37.00439],[141.85884,-37.00438],[141.85979,-37.00454],[141.86524,-37.00503],[141.86638,-37.00521],[141.87318,-37.00585],[141.87522,-37.00612],[141.89344,-37.00787]]}},{"type":"Feature","properties":{"name":"Downies Ln","surface":"gravel","hierarchy":"Minor","length_m":4900},"geometry":{"type":"MultiLineString","coordinates":[[[142.13845,-36.99908],[142.13909,-36.9998],[142.14035,-37.00223],[142.14065,-37.00265],[142.14479,-37.006]],[[142.14479,-37.006],[142.14661,-37.00754],[142.14855,-37.01032],[142.14924,-37.01185]],[[142.14924,-37.01185],[142.15262,-37.02013]],[[142.15262,-37.02013],[142.15643,-37.0295],[142.15667,-37.0299]]]}},{"type":"Feature","properties":{"name":"Kelly Rd","surface":"gravel","hierarchy":"Access","length_m":270},"geometry":{"type":"LineString","coordinates":[[142.2231,-36.59834],[142.2231,-36.60076]]}},{"type":"Feature","properties":{"name":"Reinheimers Rd","surface":"gravel","hierarchy":"Access","length_m":4530},"geometry":{"type":"MultiLineString","coordinates":[[[141.98351,-36.62491],[141.98773,-36.62495],[141.98815,-36.62488],[141.98897,-36.6249]],[[142.05321,-36.62479],[142.05656,-36.62478]],[[142.05656,-36.62478],[142.07074,-36.62473]],[[142.07074,-36.62473],[142.07124,-36.62473]],[[142.07124,-36.62473],[142.09038,-36.6247]],[[142.09038,-36.6247],[142.0968,-36.62469]],[[142.0968,-36.62469],[142.09831,-36.62468]]]}},{"type":"Feature","properties":{"name":"Drendels Rd","surface":"gravel","hierarchy":"Access","length_m":5900},"geometry":{"type":"MultiLineString","coordinates":[[[142.03096,-36.61004],[142.04677,-36.61004]],[[142.04677,-36.61004],[142.06805,-36.61002]],[[142.06805,-36.61002],[142.07203,-36.61001]],[[142.07203,-36.61001],[142.08366,-36.60999]],[[142.08366,-36.60999],[142.1068,-36.60993]]]}},{"type":"Feature","properties":{"name":"St Helens School Rd","surface":"gravel","hierarchy":"Access","length_m":3290},"geometry":{"type":"MultiLineString","coordinates":[[[142.46093,-36.78222],[142.44255,-36.7822]],[[142.44255,-36.7822],[142.4316,-36.78221],[142.43144,-36.78224],[142.43132,-36.78253],[142.43107,-36.78266],[142.4243,-36.78266]]]}},{"type":"Feature","properties":{"name":"Wail-Polkemmet Rd","surface":"gravel","hierarchy":"Minor","length_m":11635},"geometry":{"type":"MultiLineString","coordinates":[[[142.07594,-36.57958],[142.07387,-36.58258],[142.07268,-36.58395]],[[142.07268,-36.58395],[142.06809,-36.58926]],[[142.06809,-36.58926],[142.06603,-36.5917],[142.06538,-36.59227],[142.0611,-36.59465],[142.06042,-36.59511],[142.05999,-36.5955],[142.05907,-36.5966]],[[142.05907,-36.5966],[142.0581,-36.5976],[142.05692,-36.59857]],[[142.05692,-36.59857],[142.04949,-36.60473]],[[142.04949,-36.60473],[142.04109,-36.61171]],[[142.04109,-36.61171],[142.03111,-36.61999]],[[142.03111,-36.61999],[142.02383,-36.62603]],[[142.02383,-36.62603],[142.01199,-36.63588]],[[142.01199,-36.63588],[142.00451,-36.64213]],[[142.00451,-36.64213],[141.99703,-36.64839]],[[141.99703,-36.64839],[141.99091,-36.65351],[141.99069,-36.65379]]]}},{"type":"Feature","properties":{"name":"Wail-Dooen Rd","surface":"gravel","hierarchy":"Access","length_m":4639},"geometry":{"type":"MultiLineString","coordinates":[[[142.10611,-36.50821],[142.10678,-36.50845]],[[142.10678,-36.50845],[142.107,-36.50851]],[[142.107,-36.50851],[142.11411,-36.51025]],[[142.11411,-36.51025],[142.11705,-36.51093],[142.11825,-36.51102]],[[142.11822,-36.51118],[142.11904,-36.51173]],[[142.12962,-36.5222],[142.13244,-36.5253],[142.13332,-36.52613],[142.13596,-36.52831]],[[142.18172,-36.57104],[142.18225,-36.57148],[142.18666,-36.57443]],[[142.20591,-36.5963],[142.21184,-36.60353]],[[142.22925,-36.63117],[142.22972,-36.63171]],[[142.24821,-36.65304],[142.25518,-36.66112]]]}},{"type":"Feature","properties":{"name":"Delahuntys Rd","surface":"gravel","hierarchy":"Access","length_m":3385},"geometry":{"type":"MultiLineString","coordinates":[[[142.33997,-36.67161],[142.34908,-36.67162],[142.34908,-36.67219]],[[142.34908,-36.67219],[142.34909,-36.69678]],[[142.33621,-36.70122],[142.33523,-36.70122]],[[142.5414,-36.94871],[142.54138,-36.94311]]]}},{"type":"Feature","properties":{"name":"River Heights Rd","surface":"gravel","hierarchy":"Minor","length_m":525},"geometry":{"type":"MultiLineString","coordinates":[[[142.24076,-36.67908],[142.24155,-36.67946]],[[142.24155,-36.67946],[142.24325,-36.68031]]]}},{"type":"Feature","properties":{"name":"Gatehouse Rd","surface":"gravel","hierarchy":"Minor","length_m":1510},"geometry":{"type":"MultiLineString","coordinates":[[[142.20213,-36.68236],[142.20312,-36.68236]],[[142.20312,-36.68236],[142.20534,-36.68235]],[[142.21299,-36.68233],[142.21808,-36.68231]]]}},{"type":"Feature","properties":{"name":"Riley Rd","surface":"gravel","hierarchy":"Access","length_m":1081},"geometry":{"type":"LineString","coordinates":[[142.18611,-36.69701],[142.19814,-36.69699],[142.19836,-36.6971]]}},{"type":"Feature","properties":{"name":"Patterson Rd","surface":"gravel","hierarchy":"Minor","length_m":208},"geometry":{"type":"LineString","coordinates":[[142.07557,-36.4929],[142.07725,-36.49434]]}},{"type":"Feature","properties":{"name":"Hutchinsons Rd","surface":"gravel","hierarchy":"Access","length_m":1290},"geometry":{"type":"MultiLineString","coordinates":[[[142.0119,-36.93454],[142.01126,-36.93886]],[[142.04501,-36.739],[142.04502,-36.74209]],[[142.06794,-36.54617],[142.08052,-36.54613]]]}},{"type":"Feature","properties":{"name":"Lanes Ave","surface":"gravel","hierarchy":"Access","length_m":4850},"geometry":{"type":"MultiLineString","coordinates":[[[142.01899,-36.75574],[142.02044,-36.75579]],[[142.02044,-36.75579],[142.03241,-36.75574]],[[142.03241,-36.75574],[142.03699,-36.75573]],[[142.03699,-36.75573],[142.05522,-36.75566]],[[142.05522,-36.75566],[142.07323,-36.75559]]]}},{"type":"Feature","properties":{"name":"Hennessys Rd","surface":"gravel","hierarchy":"Access","length_m":2570},"geometry":{"type":"MultiLineString","coordinates":[[[142.11488,-36.53637],[142.12816,-36.53635]],[[142.12816,-36.53635],[142.1324,-36.53634]],[[142.1324,-36.53634],[142.14248,-36.5363],[142.14312,-36.53623],[142.14353,-36.53605]]]}},{"type":"Feature","properties":{"name":"Bartletts Rd","surface":"gravel","hierarchy":"Access","length_m":2380},"geometry":{"type":"MultiLineString","coordinates":[[[142.0797,-36.56052],[142.09482,-36.5605],[142.10111,-36.56053],[142.10184,-36.56061]],[[142.10184,-36.56061],[142.1024,-36.56068],[142.1024,-36.56343]]]}},{"type":"Feature","properties":{"name":"Lake Ave","surface":"gravel","hierarchy":"Minor","length_m":3810},"geometry":{"type":"MultiLineString","coordinates":[[[141.9282,-36.69152],[141.92829,-36.69209],[141.92825,-36.69251],[141.92836,-36.69284],[141.9314,-36.69708],[141.93196,-36.69765],[141.93378,-36.69905]],[[141.93378,-36.69905],[141.93494,-36.70001],[141.93504,-36.70032],[141.93502,-36.70199],[141.93234,-36.70694],[141.93158,-36.70898]],[[141.93158,-36.70898],[141.93135,-36.70993],[141.93135,-36.71198],[141.93143,-36.71225],[141.93179,-36.71276],[141.93459,-36.71464],[141.93563,-36.71495],[141.938,-36.71515]],[[141.94425,-36.73633],[141.94405,-36.73739],[141.94441,-36.73875],[141.94251,-36.74048]],[[141.93884,-36.73896],[141.94145,-36.7409]],[[141.94145,-36.7409],[141.94184,-36.74093],[141.94251,-36.74048]],[[141.94251,-36.74048],[141.94318,-36.74123]]]}},{"type":"Feature","properties":{"name":"Walshs Rd","surface":"gravel","hierarchy":"Access","length_m":2026},"geometry":{"type":"MultiLineString","coordinates":[[[142.09874,-36.64201],[142.09877,-36.6487]],[[142.09884,-36.66799],[142.09884,-36.66848]],[[142.09897,-36.69399],[142.09901,-36.70354]],[[142.15485,-36.80607],[142.15485,-36.81124]],[[142.15506,-36.76511],[142.15503,-36.76725],[142.15525,-36.76844],[142.15522,-36.77084]]]}},{"type":"Feature","properties":{"name":"Verandah Swamp Rd","surface":"gravel","hierarchy":"Access","length_m":740},"geometry":{"type":"MultiLineString","coordinates":[[[142.12588,-36.57559],[142.12597,-36.57916]],[[142.12597,-36.57916],[142.12605,-36.58237],[142.126,-36.5825]]]}},{"type":"Feature","properties":{"name":"Jones Ln","surface":"gravel","hierarchy":"Access","length_m":470},"geometry":{"type":"LineString","coordinates":[[142.02833,-36.74177],[142.03284,-36.74176]]}},{"type":"Feature","properties":{"name":"Netherway Dr","surface":"gravel","hierarchy":"Minor","length_m":1430},"geometry":{"type":"MultiLineString","coordinates":[[[142.02849,-36.76977],[142.02994,-36.76965],[142.03209,-36.7689],[142.03306,-36.76899],[142.03423,-36.76969],[142.03599,-36.76928],[142.03824,-36.76924]],[[142.03824,-36.76924],[142.04124,-36.76874],[142.04364,-36.76868]]]}},{"type":"Feature","properties":{"name":"Finlaysons Rd","surface":"gravel","hierarchy":"Minor","length_m":6915},"geometry":{"type":"LineString","coordinates":[[142.20484,-36.58454],[142.28206,-36.58451]]}},{"type":"Feature","properties":{"name":"Hateleys Rd","surface":"gravel","hierarchy":"Access","length_m":1280},"geometry":{"type":"LineString","coordinates":[[141.98462,-36.75571],[141.99393,-36.75571]]}},{"type":"Feature","properties":{"name":"East Rd","surface":"gravel","hierarchy":"Access","length_m":3276},"geometry":{"type":"MultiLineString","coordinates":[[[142.30374,-36.7169],[142.30369,-36.7228]],[[142.30369,-36.7228],[142.30366,-36.7366]],[[142.30331,-36.77987],[142.30355,-36.7804],[142.30353,-36.78854],[142.30338,-36.78887]]]}},{"type":"Feature","properties":{"name":"Mackleys Rd","surface":"gravel","hierarchy":"Access","length_m":2050},"geometry":{"type":"MultiLineString","coordinates":[[[141.94891,-36.62368],[141.97132,-36.62369]],[[142.17108,-36.76752],[142.17226,-36.76909],[142.17273,-36.7695],[142.17379,-36.76999],[142.17419,-36.77038],[142.1742,-36.77067],[142.17427,-36.77062],[142.17426,-36.77162],[142.17475,-36.77223],[142.17548,-36.77337],[142.17598,-36.77382],[142.17683,-36.7742],[142.17804,-36.77444],[142.17954,-36.77415],[142.1819,-36.77401]]]}},{"type":"Feature","properties":{"name":"Duchembegarra Rd","surface":"gravel","hierarchy":"Access","length_m":2420},"geometry":{"type":"LineString","coordinates":[[141.9489,-36.63435],[141.94889,-36.64296],[141.94936,-36.65301],[141.94761,-36.66452]]}},{"type":"Feature","properties":{"name":"Molyneaux Rd","surface":"gravel","hierarchy":"Access","length_m":910},"geometry":{"type":"MultiLineString","coordinates":[[[142.27822,-36.647],[142.27828,-36.64703],[142.27977,-36.64636]],[[142.27977,-36.64636],[142.28006,-36.64623]],[[142.28006,-36.64623],[142.28209,-36.64532],[142.28752,-36.64528]]]}},{"type":"Feature","properties":{"name":"Max Johns Rd","surface":"gravel","hierarchy":"Access","length_m":925},"geometry":{"type":"LineString","coordinates":[[142.3033,-36.55295],[142.30321,-36.56127]]}},{"type":"Feature","properties":{"name":"Jung Tip Rd","surface":"gravel","hierarchy":"Minor","length_m":1140},"geometry":{"type":"LineString","coordinates":[[142.36012,-36.60973],[142.3701,-36.60975]]}},{"type":"Feature","properties":{"name":"Yulong East West Rd","surface":"gravel","hierarchy":"Access","length_m":900},"geometry":{"type":"LineString","coordinates":[[141.99746,-37.1741],[141.99829,-37.16877],[141.99873,-37.16858],[142.00087,-37.16815],[142.00143,-37.16824],[142.00187,-37.16816],[142.00231,-37.16822],[142.00298,-37.1677],[142.00308,-37.16656],[142.00325,-37.1664]]}},{"type":"Feature","properties":{"name":"Store St","surface":"gravel","hierarchy":"Access","length_m":100},"geometry":{"type":"LineString","coordinates":[[142.36133,-36.60736],[142.36014,-36.60735]]}},{"type":"Feature","properties":{"name":"Combes Rd","surface":"gravel","hierarchy":"Minor","length_m":567},"geometry":{"type":"MultiLineString","coordinates":[[[141.77337,-36.68262],[141.77363,-36.68246],[141.77393,-36.68185],[141.77428,-36.68144]],[[141.77428,-36.68144],[141.77492,-36.68116],[141.77556,-36.681],[141.77883,-36.68121],[141.77952,-36.68107],[141.77985,-36.68083],[141.78045,-36.6807],[141.78088,-36.68071],[141.78158,-36.68089],[141.78385,-36.68101],[141.78434,-36.68119],[141.78671,-36.68161],[141.78982,-36.68264],[141.79167,-36.68426],[141.79268,-36.68559],[141.79389,-36.68739],[141.80778,-36.68881]],[[141.77428,-36.68144],[141.77492,-36.68096],[141.77558,-36.68063],[141.77756,-36.67934],[141.77781,-36.6787],[141.77845,-36.67826],[141.77929,-36.67803],[141.77956,-36.67785],[141.78054,-36.67571]]]}},{"type":"Feature","properties":{"name":"Oliver Schmidts Rd","surface":"gravel","hierarchy":"Minor","length_m":3370},"geometry":{"type":"MultiLineString","coordinates":[[[141.82489,-36.66061],[141.83879,-36.66203],[141.83916,-36.66222],[141.84322,-36.66263]],[[141.84322,-36.66263],[141.84766,-36.66307]],[[141.84766,-36.66307],[141.86532,-36.66485]]]}},{"type":"Feature","properties":{"name":"Reservoir Rd","surface":"gravel","hierarchy":"Access","length_m":1950},"geometry":{"type":"LineString","coordinates":[[142.35822,-36.88496],[142.32252,-36.88495]]}},{"type":"Feature","properties":{"name":"Hobbs Rd","surface":"gravel","hierarchy":"Access","length_m":1620},"geometry":{"type":"MultiLineString","coordinates":[[[141.77083,-37.02523],[141.77123,-37.02406]],[[141.77144,-37.02351],[141.77168,-37.022]],[[142.13983,-36.63899],[142.15614,-36.63895]]]}},{"type":"Feature","properties":{"name":"Pohlners Rd","surface":"gravel","hierarchy":"Access","length_m":3110},"geometry":{"type":"MultiLineString","coordinates":[[[142.36055,-36.90348],[142.35817,-36.90344],[142.35817,-36.90328],[142.3489,-36.90326]],[[142.33457,-36.90326],[142.33282,-36.90326]],[[142.3489,-36.90326],[142.33911,-36.90325]],[[142.33841,-36.90325],[142.33457,-36.90326]]]}},{"type":"Feature","properties":{"name":"Olive Plantation Rd","surface":"gravel","hierarchy":"Access","length_m":510},"geometry":{"type":"MultiLineString","coordinates":[[[142.33113,-36.92621],[142.3275,-36.92619]],[[142.36987,-36.927],[142.36987,-36.927]]]}},{"type":"Feature","properties":{"name":"Knonagels Rd","surface":"gravel","hierarchy":"Access","length_m":3630},"geometry":{"type":"LineString","coordinates":[[142.32521,-36.98029],[142.32467,-36.98023],[142.32344,-36.98027],[142.3227,-36.98019],[142.29793,-36.9802],[142.29483,-36.9803],[142.29347,-36.98021],[142.28457,-36.98015]]}},{"type":"Feature","properties":{"name":"Campbells Ln","surface":"gravel","hierarchy":"Access","length_m":3520},"geometry":{"type":"LineString","coordinates":[[142.15667,-37.0299],[142.15728,-37.02987],[142.16617,-37.03076],[142.16901,-37.03106],[142.17115,-37.03141],[142.17459,-37.03167],[142.17818,-37.03184],[142.18136,-37.03217],[142.18249,-37.03241],[142.18493,-37.03252],[142.18748,-37.03277],[142.18963,-37.03316],[142.19175,-37.03331],[142.19336,-37.03367],[142.19567,-37.0337]]}},{"type":"Feature","properties":{"name":"Pimpinio Tip Rd","surface":"gravel","hierarchy":"Minor","length_m":630},"geometry":{"type":"MultiLineString","coordinates":[[[142.11892,-36.5825],[142.12025,-36.58245]],[[142.12025,-36.58245],[142.12079,-36.58244],[142.12095,-36.58253]],[[142.12095,-36.58253],[142.126,-36.5825]]]}},{"type":"Feature","properties":{"name":"Bakers Rd","surface":"gravel","hierarchy":"Access","length_m":1380},"geometry":{"type":"MultiLineString","coordinates":[[[142.12398,-36.58739],[142.12424,-36.58726]],[[142.12424,-36.58726],[142.13422,-36.58606],[142.13429,-36.58606]],[[142.12424,-36.58726],[142.13011,-36.58656]]]}},{"type":"Feature","properties":{"name":"Byrnes Rd","surface":"gravel","hierarchy":"Access","length_m":4315},"geometry":{"type":"MultiLineString","coordinates":[[[142.18854,-36.99192],[142.19104,-36.99118]],[[142.19104,-36.99118],[142.1915,-36.99113]],[[142.1915,-36.99113],[142.20815,-36.99119]],[[142.20815,-36.99119],[142.21612,-36.99121]],[[142.21612,-36.99121],[142.21623,-36.99126]],[[142.32849,-36.4704],[142.32865,-36.47058]],[[142.32865,-36.47058],[142.32863,-36.4848]],[[142.32865,-36.47058],[142.32865,-36.47381]]]}},{"type":"Feature","properties":{"name":"Nixons South Rd","surface":"gravel","hierarchy":"Minor","length_m":4200},"geometry":{"type":"LineString","coordinates":[[142.17825,-36.86353],[142.17801,-36.9013]]}},{"type":"Feature","properties":{"name":"Taylors Lake North Rd","surface":"gravel","hierarchy":"Access","length_m":2640},"geometry":{"type":"MultiLineString","coordinates":[[[142.3766,-36.73995],[142.3766,-36.74854]],[[142.3766,-36.74854],[142.37657,-36.76347]],[[142.37657,-36.76347],[142.37666,-36.76381]]]}},{"type":"Feature","properties":{"name":"Jenkinsons Rd","surface":"gravel","hierarchy":"Minor","length_m":2685},"geometry":{"type":"MultiLineString","coordinates":[[[142.13258,-36.62459],[142.13314,-36.62459]],[[142.13314,-36.62459],[142.15846,-36.62452]],[[142.15846,-36.62452],[142.16195,-36.62451]],[[142.21525,-36.62432],[142.22343,-36.6243]]]}},{"type":"Feature","properties":{"name":"Kalkee School Rd","surface":"gravel","hierarchy":"Access","length_m":990},"geometry":{"type":"LineString","coordinates":[[142.23013,-36.53798],[142.24121,-36.53795]]}},{"type":"Feature","properties":{"name":"Dooen North Rd","surface":"gravel","hierarchy":"Access","length_m":6595},"geometry":{"type":"MultiLineString","coordinates":[[[142.24126,-36.55407],[142.24127,-36.55776]],[[142.24127,-36.55776],[142.24127,-36.56208]],[[142.24131,-36.58728],[142.24131,-36.58809]],[[142.24131,-36.58809],[142.24135,-36.59845]],[[142.24135,-36.59845],[142.24132,-36.60185]],[[142.24132,-36.60185],[142.2413,-36.605]],[[142.2413,-36.605],[142.24135,-36.61792]],[[142.24135,-36.61792],[142.24137,-36.62387]],[[142.24137,-36.62387],[142.24143,-36.63146]],[[142.24143,-36.63146],[142.2415,-36.63862]]]}},{"type":"Feature","properties":{"name":"J Sudholz Rd","surface":"gravel","hierarchy":"Access","length_m":1130},"geometry":{"type":"MultiLineString","coordinates":[[[141.9213,-36.75668],[141.92203,-36.75659],[141.92321,-36.7566],[141.92365,-36.75621],[141.92448,-36.75617]],[[141.93577,-36.75609],[141.9361,-36.75609]],[[141.9361,-36.75609],[141.94505,-36.75602]]]}},{"type":"Feature","properties":{"name":"Uebergangs Rd","surface":"gravel","hierarchy":"Access","length_m":1260},"geometry":{"type":"LineString","coordinates":[[142.34001,-36.82666],[142.32589,-36.82664]]}},{"type":"Feature","properties":{"name":"Chalky Point Rd","surface":"gravel","hierarchy":"Minor","length_m":1590},"geometry":{"type":"MultiLineString","coordinates":[[[142.33356,-36.79725],[142.32994,-36.79724]],[[142.32994,-36.79724],[142.3218,-36.79721]]]}},{"type":"Feature","properties":{"name":"Jung Cemetery Rd","surface":"gravel","hierarchy":"Minor","length_m":395},"geometry":{"type":"LineString","coordinates":[[142.3797,-36.50463],[142.3797,-36.50604],[142.37964,-36.50621],[142.37806,-36.50746]]}},{"type":"Feature","properties":{"name":"Northfields Rd","surface":"gravel","hierarchy":"Minor","length_m":680},"geometry":{"type":"MultiLineString","coordinates":[[[141.96758,-36.80751],[141.97336,-36.80807]],[[141.97336,-36.80807],[141.97514,-36.80825]]]}},{"type":"Feature","properties":{"name":"Jung Recreation Reserve Rd","surface":"gravel","hierarchy":"Access","length_m":70},"geometry":{"type":"LineString","coordinates":[[142.37755,-36.60372],[142.37772,-36.60388],[142.37821,-36.6041]]}},{"type":"Feature","properties":{"name":"Pine Lake Rd","surface":"gravel","hierarchy":"Minor","length_m":3730},"geometry":{"type":"MultiLineString","coordinates":[[[142.34019,-36.72383],[142.34013,-36.72396],[142.34013,-36.73497]],[[142.34013,-36.73497],[142.34014,-36.74982]],[[142.34014,-36.74982],[142.3401,-36.75738]]]}},{"type":"Feature","properties":{"name":"Taylors Lake East Rd","surface":"gravel","hierarchy":"Access","length_m":2165},"geometry":{"type":"MultiLineString","coordinates":[[[142.43084,-36.768],[142.41377,-36.76798]],[[142.41377,-36.76798],[142.40676,-36.76797]]]}},{"type":"Feature","properties":{"name":"Domaschenz Rd","surface":"gravel","hierarchy":"Minor","length_m":10750},"geometry":{"type":"LineString","coordinates":[[142.43123,-36.73873],[142.43091,-36.73862],[142.3219,-36.73852]]}},{"type":"Feature","properties":{"name":"Pimpinio West Rd","surface":"gravel","hierarchy":"Minor","length_m":1900},"geometry":{"type":"MultiLineString","coordinates":[[[142.0592,-36.59644],[142.07208,-36.59642]],[[142.07208,-36.59642],[142.07868,-36.5964]],[[142.07868,-36.5964],[142.08029,-36.59639]]]}},{"type":"Feature","properties":{"name":"Lindners Rd","surface":"gravel","hierarchy":"Minor","length_m":2545},"geometry":{"type":"MultiLineString","coordinates":[[[142.08091,-36.68793],[142.08094,-36.69352]],[[142.08094,-36.69352],[142.08096,-36.69689]],[[142.0811,-36.72557],[142.08118,-36.738]],[[142.08131,-36.7673],[142.08132,-36.7685]]]}},{"type":"Feature","properties":{"name":"Rudolphs Rd","surface":"gravel","hierarchy":"Minor","length_m":2102},"geometry":{"type":"MultiLineString","coordinates":[[[142.10682,-36.72636],[142.11191,-36.72634]],[[142.12968,-36.72629],[142.14259,-36.72628],[142.14266,-36.72647],[142.14273,-36.73149]]]}},{"type":"Feature","properties":{"name":"Eagles Rd","surface":"gravel","hierarchy":"Access","length_m":370},"geometry":{"type":"LineString","coordinates":[[142.20106,-36.82634],[142.20632,-36.82637]]}},{"type":"Feature","properties":{"name":"Rokeskys Rd","surface":"gravel","hierarchy":"Access","length_m":1490},"geometry":{"type":"LineString","coordinates":[[142.26726,-36.70907],[142.26724,-36.7225]]}},{"type":"Feature","properties":{"name":"Depot La","surface":"gravel","hierarchy":"Minor","length_m":540},"geometry":{"type":"MultiLineString","coordinates":[[[141.9375,-36.74471],[141.94164,-36.74292]],[[141.94164,-36.74292],[141.94177,-36.74287]],[[141.94612,-36.81983],[141.95093,-36.82032]],[[141.95093,-36.82032],[141.95363,-36.82059]]]}},{"type":"Feature","properties":{"name":"Rodda Rd","surface":"gravel","hierarchy":"Minor","length_m":1630},"geometry":{"type":"MultiLineString","coordinates":[[[142.28527,-36.78251],[142.27407,-36.78249]],[[142.27407,-36.78249],[142.27077,-36.78248]],[[142.27077,-36.78248],[142.26702,-36.78247]]]}},{"type":"Feature","properties":{"name":"Clarkes Ln","surface":"gravel","hierarchy":"Minor","length_m":3280},"geometry":{"type":"MultiLineString","coordinates":[[[141.93163,-36.82863],[141.92855,-36.84835]],[[141.92855,-36.84835],[141.92848,-36.84879],[141.92855,-36.84932],[141.92818,-36.85105],[141.92801,-36.85269],[141.92764,-36.85442],[141.92719,-36.85808],[141.92646,-36.8621],[141.92571,-36.8671]]]}},{"type":"Feature","properties":{"name":"Boehms Rd","surface":"gravel","hierarchy":"Access","length_m":530},"geometry":{"type":"LineString","coordinates":[[142.04476,-36.67298],[142.05032,-36.67104]]}},{"type":"Feature","properties":{"name":"Barnes Rd","surface":"gravel","hierarchy":"Access","length_m":270},"geometry":{"type":"LineString","coordinates":[[141.83659,-36.67686],[141.8366,-36.67716],[141.83645,-36.67767],[141.83638,-36.67842]]}},{"type":"Feature","properties":{"name":"Carchap Ln","surface":"gravel","hierarchy":"Access","length_m":3580},"geometry":{"type":"LineString","coordinates":[[141.90051,-36.95265],[141.90066,-36.95278],[141.90098,-36.95286],[141.93463,-36.95623],[141.93677,-36.95634],[141.94031,-36.95674]]}},{"type":"Feature","properties":{"name":"Wiles Rd","surface":"gravel","hierarchy":"Access","length_m":520},"geometry":{"type":"LineString","coordinates":[[141.92936,-36.60161],[141.93186,-36.59997],[141.93241,-36.5994],[141.93301,-36.59931],[141.9362,-36.59983],[141.93665,-36.60024]]}},{"type":"Feature","properties":{"name":"Railway St","surface":"gravel","hierarchy":"Access","length_m":170},"geometry":{"type":"LineString","coordinates":[[142.35826,-36.60779],[142.35817,-36.60945]]}},{"type":"Feature","properties":{"name":"Creamery Rd","surface":"gravel","hierarchy":"Access","length_m":415},"geometry":{"type":"LineString","coordinates":[[142.25929,-36.65303],[142.2637,-36.65306],[142.2638,-36.65309],[142.26407,-36.65348]]}},{"type":"Feature","properties":{"name":"Wilsons Rd","surface":"gravel","hierarchy":"Access","length_m":2200},"geometry":{"type":"LineString","coordinates":[[141.96433,-37.15373],[141.97565,-37.15487],[141.97689,-37.15502],[141.97772,-37.15526],[141.98067,-37.15545],[141.98502,-37.1559]]}},{"type":"Feature","properties":{"name":"Murrays Rd","surface":"gravel","hierarchy":"Access","length_m":1430},"geometry":{"type":"LineString","coordinates":[[141.91547,-37.11406],[141.91622,-37.11364],[141.91654,-37.11223],[141.91663,-37.11111],[141.91695,-37.10963],[141.91748,-37.10576],[141.91731,-37.10462],[141.91869,-37.09564]]}},{"type":"Feature","properties":{"name":"K Emmersons Rd","surface":"gravel","hierarchy":"Access","length_m":3030},"geometry":{"type":"LineString","coordinates":[[141.8201,-36.86259],[141.82042,-36.86274],[141.82095,-36.86275],[141.82138,-36.86286],[141.82244,-36.86295],[141.82283,-36.86287],[141.82424,-36.86299],[141.82492,-36.86312],[141.85118,-36.86577],[141.85194,-36.86573]]}},{"type":"Feature","properties":{"name":"Mc Kenry Ln","surface":"gravel","hierarchy":"Access","length_m":270},"geometry":{"type":"LineString","coordinates":[[141.93606,-36.99208],[141.93595,-36.9919],[141.93623,-36.99066]]}},{"type":"Feature","properties":{"name":"Robins Rd","surface":"gravel","hierarchy":"Minor","length_m":2120},"geometry":{"type":"MultiLineString","coordinates":[[[142.11331,-36.51805],[142.11314,-36.51831],[142.11309,-36.51861],[142.11404,-36.52799]],[[142.11404,-36.52799],[142.11485,-36.53606]],[[142.11485,-36.53606],[142.11497,-36.53734]]]}},{"type":"Feature","properties":{"name":"Silcocks Rd","surface":"gravel","hierarchy":"Access","length_m":4560},"geometry":{"type":"LineString","coordinates":[[141.97152,-37.19492],[141.97127,-37.19654],[141.97126,-37.19739],[141.97069,-37.20072],[141.97076,-37.20089],[141.97095,-37.201],[141.97209,-37.20106],[141.98092,-37.20199],[141.98131,-37.20198],[141.98175,-37.20172],[141.98285,-37.20186],[141.98415,-37.20189],[141.98834,-37.20239],[141.99219,-37.2027],[141.99566,-37.20314],[141.99814,-37.20331],[142.00163,-37.20373],[142.01141,-37.20466]]}},{"type":"Feature","properties":{"name":"Natimuk Golf Links Rd","surface":"gravel","hierarchy":"Access","length_m":6334},"geometry":{"type":"MultiLineString","coordinates":[[[141.78565,-36.77592],[141.78654,-36.77513],[141.78681,-36.77496],[141.7874,-36.77477],[141.79068,-36.77446],[141.79182,-36.77462],[141.79213,-36.77459],[141.79323,-36.77419],[141.79368,-36.77413]],[[141.79368,-36.77413],[141.80403,-36.77327],[141.80592,-36.7734]],[[141.80592,-36.7734],[141.81287,-36.77409]],[[141.81287,-36.77409],[141.8232,-36.77512]],[[141.8232,-36.77512],[141.82889,-36.77559]],[[141.82889,-36.77559],[141.83689,-36.77646]],[[141.83689,-36.77646],[141.8469,-36.77744]],[[141.8469,-36.77744],[141.85196,-36.77795]]]}},{"type":"Feature","properties":{"name":"Friedmans Rd","surface":"gravel","hierarchy":"Access","length_m":3390},"geometry":{"type":"MultiLineString","coordinates":[[[142.36082,-36.86841],[142.36142,-36.86879],[142.36179,-36.8689],[142.3769,-36.86887]],[[142.39066,-36.86886],[142.38953,-36.86899],[142.3884,-36.86888],[142.38608,-36.86886]],[[142.39514,-36.86887],[142.39199,-36.86885]],[[142.39878,-36.86884],[142.39842,-36.86884]]]}},{"type":"Feature","properties":{"name":"Millers Rd","surface":"gravel","hierarchy":"Access","length_m":980},"geometry":{"type":"LineString","coordinates":[[142.2487,-36.81181],[142.23771,-36.81178]]}},{"type":"Feature","properties":{"name":"Watsons Ln","surface":"gravel","hierarchy":"Access","length_m":490},"geometry":{"type":"LineString","coordinates":[[142.18749,-36.74848],[142.18746,-36.75292]]}},{"type":"Feature","properties":{"name":"Peppertree Ln","surface":"gravel","hierarchy":"Minor","length_m":6150},"geometry":{"type":"MultiLineString","coordinates":[[[141.86811,-36.97627],[141.88007,-36.97746]],[[141.88007,-36.97746],[141.89165,-36.97861]],[[141.89165,-36.97861],[141.90053,-36.9795]],[[141.90053,-36.9795],[141.91314,-36.98075]],[[141.91314,-36.98075],[141.92536,-36.98196]],[[141.92536,-36.98196],[141.92653,-36.98208],[141.9273,-36.98197],[141.93636,-36.98286]],[[142.21976,-36.69998],[142.21985,-36.70016],[142.21986,-36.70053]],[[142.21986,-36.70053],[142.21977,-36.70962],[142.21875,-36.71036]]]}},{"type":"Feature","properties":{"name":"Miller St","surface":"gravel","hierarchy":"Minor","length_m":74},"geometry":{"type":"LineString","coordinates":[[142.12331,-36.58768],[142.12398,-36.58739]]}},{"type":"Feature","properties":{"name":"Sanders Rd","surface":"gravel","hierarchy":"Access","length_m":840},"geometry":{"type":"LineString","coordinates":[[142.02531,-36.67307],[142.02537,-36.67332],[142.02532,-36.68061]]}},{"type":"Feature","properties":{"name":"Ellis Rd","surface":"gravel","hierarchy":"Access","length_m":7000},"geometry":{"type":"MultiLineString","coordinates":[[[141.9455,-36.6033],[141.9457,-36.60325],[141.94636,-36.60336],[141.94737,-36.60389],[141.94774,-36.60398],[141.94807,-36.604],[141.95009,-36.60369],[141.96561,-36.60518],[141.96568,-36.60488],[141.96566,-36.60251]],[[141.96566,-36.60251],[141.96567,-36.60072],[141.96576,-36.60058],[141.9662,-36.60057]],[[141.9662,-36.60057],[141.96976,-36.60051],[141.96993,-36.60045],[141.96997,-36.59045],[141.97076,-36.58517]],[[141.97076,-36.58517],[141.97082,-36.5848]],[[142.05884,-36.54644],[142.05895,-36.54794],[142.05894,-36.55073],[142.05885,-36.55113],[142.05891,-36.55552],[142.05901,-36.5574],[142.05895,-36.56202]],[[142.05895,-36.56202],[142.05904,-36.56185],[142.05966,-36.56159]],[[142.05895,-36.56202],[142.05901,-36.57642]],[[142.05901,-36.57642],[142.05913,-36.5958],[142.05921,-36.59614],[142.05935,-36.59626]],[[142.05902,-36.59666],[142.05913,-36.59685],[142.05915,-36.5999]]]}},{"type":"Feature","properties":{"name":"Post Office Ln","surface":"gravel","hierarchy":"Access","length_m":90},"geometry":{"type":"LineString","coordinates":[[142.10033,-36.50916],[142.10075,-36.50839]]}},{"type":"Feature","properties":{"name":"Watson St","surface":"gravel","hierarchy":"Access","length_m":200},"geometry":{"type":"MultiLineString","coordinates":[[[142.09708,-36.50704],[142.09695,-36.5073]],[[142.09644,-36.50822],[142.09632,-36.50842]]]}},{"type":"Feature","properties":{"name":"Francis Rd","surface":"gravel","hierarchy":"Access","length_m":1620},"geometry":{"type":"LineString","coordinates":[[142.23019,-36.65316],[142.24822,-36.65304]]}},{"type":"Feature","properties":{"name":"Harris Road","surface":"gravel","hierarchy":"Access","length_m":3245},"geometry":{"type":"LineString","coordinates":[[142.1686,-36.66796],[142.2049,-36.66782]]}},{"type":"Feature","properties":{"name":"Tonkins Rd","surface":"gravel","hierarchy":"Minor","length_m":6160},"geometry":{"type":"MultiLineString","coordinates":[[[141.93716,-37.09294],[141.93878,-37.08245],[141.93915,-37.0802],[141.93993,-37.0752]],[[141.93993,-37.0752],[141.94057,-37.07109]],[[141.93937,-37.07882],[141.94057,-37.07109]],[[142.18845,-36.47004],[142.18844,-36.47233]],[[142.18846,-36.48814],[142.18847,-36.49482]],[[142.18847,-36.49482],[142.18847,-36.50667]],[[142.18851,-36.53282],[142.18849,-36.5469],[142.18861,-36.54709],[142.18877,-36.54714]],[[142.18845,-36.47004],[142.18844,-36.4764]]]}},{"type":"Feature","properties":{"name":"Byrneville Rd","surface":"gravel","hierarchy":"Access","length_m":4470},"geometry":{"type":"MultiLineString","coordinates":[[[142.27685,-36.50044],[142.28647,-36.50047],[142.28669,-36.50065],[142.28663,-36.50544],[142.2867,-36.50555],[142.28684,-36.5056],[142.2892,-36.5056]],[[142.2892,-36.5056],[142.30162,-36.50564]],[[142.30162,-36.50564],[142.31285,-36.50564]],[[142.31285,-36.50564],[142.32054,-36.50562]]]}},{"type":"Feature","properties":{"name":"Exells Quarry Rd","surface":"gravel","hierarchy":"Minor","length_m":1655},"geometry":{"type":"MultiLineString","coordinates":[[[142.30918,-36.46051],[142.30919,-36.47]],[[142.30919,-36.47],[142.30921,-36.4754]]]}},{"type":"Feature","properties":{"name":"Buloke Ln","surface":"gravel","hierarchy":"Access","length_m":510},"geometry":{"type":"LineString","coordinates":[[142.1117,-36.58262],[142.11178,-36.58722]]}},{"type":"Feature","properties":{"name":"Courtneys Rd","surface":"gravel","hierarchy":"Access","length_m":1620},"geometry":{"type":"MultiLineString","coordinates":[[[142.06263,-36.64465],[142.06269,-36.65176]],[[142.06269,-36.65176],[142.0627,-36.65923]]]}},{"type":"Feature","properties":{"name":"Cooack Rd","surface":"gravel","hierarchy":"Access","length_m":2350},"geometry":{"type":"MultiLineString","coordinates":[[[141.84157,-36.63014],[141.85367,-36.63134]],[[141.85367,-36.63134],[141.86263,-36.63222]]]}},{"type":"Feature","properties":{"name":"Clynes Rd","surface":"gravel","hierarchy":"Access","length_m":2270},"geometry":{"type":"LineString","coordinates":[[142.19504,-36.78164],[142.19764,-36.78183],[142.19852,-36.78202],[142.20072,-36.7823],[142.20242,-36.78231],[142.20512,-36.78212],[142.21053,-36.78207],[142.21232,-36.78224],[142.22123,-36.78224],[142.22285,-36.78239],[142.23058,-36.78241]]}},{"type":"Feature","properties":{"name":"Pelchens Rd","surface":"gravel","hierarchy":"Access","length_m":920},"geometry":{"type":"LineString","coordinates":[[142.0632,-36.75989],[142.06327,-36.76561],[142.06316,-36.76655],[142.06299,-36.76688]]}},{"type":"Feature","properties":{"name":"Johns Rd","surface":"gravel","hierarchy":"Minor","length_m":1450},"geometry":{"type":"MultiLineString","coordinates":[[[142.28037,-36.58852],[142.28531,-36.58856]],[[142.28531,-36.58856],[142.2966,-36.58862]]]}},{"type":"Feature","properties":{"name":"Whytes Rd","surface":"gravel","hierarchy":"Minor","length_m":6440},"geometry":{"type":"MultiLineString","coordinates":[[[142.32156,-36.55295],[142.32131,-36.56194],[142.32133,-36.57408],[142.32115,-36.59623],[142.32135,-36.59652]],[[142.32157,-36.53873],[142.3215,-36.55295]]]}},{"type":"Feature","properties":{"name":"Cooack-Mitre Rd","surface":"gravel","hierarchy":"Access","length_m":3295},"geometry":{"type":"LineString","coordinates":[[141.81242,-36.65935],[141.80778,-36.68881]]}},{"type":"Feature","properties":{"name":"Mc Intyres Rd","surface":"gravel","hierarchy":"Access","length_m":3250},"geometry":{"type":"LineString","coordinates":[[142.34019,-36.72383],[142.34055,-36.72389],[142.36009,-36.72388],[142.36712,-36.72386],[142.36858,-36.72369],[142.37655,-36.7237]]}},{"type":"Feature","properties":{"name":"Beddisons Rd","surface":"gravel","hierarchy":"Access","length_m":27},"geometry":{"type":"MultiLineString","coordinates":[[[142.11586,-36.55381],[142.11605,-36.5538]],[[142.11605,-36.5538],[142.11616,-36.5538]]]}},{"type":"Feature","properties":{"name":"Robertson Ave","surface":"gravel","hierarchy":"Access","length_m":840},"geometry":{"type":"LineString","coordinates":[[142.01886,-36.74072],[142.02832,-36.74068]]}},{"type":"Feature","properties":{"name":"Quantong-Polkemmet Rd","surface":"gravel","hierarchy":"Access","length_m":8920},"geometry":{"type":"MultiLineString","coordinates":[[[141.9944,-36.66176],[141.99896,-36.67121]],[[141.99896,-36.67121],[142.00276,-36.67917]],[[142.00276,-36.67917],[142.00678,-36.68785]],[[142.00678,-36.68785],[142.00916,-36.69304]],[[142.00916,-36.69304],[142.01023,-36.69538],[142.0107,-36.69667]],[[142.0107,-36.69667],[142.01104,-36.69762],[142.01108,-36.69902]],[[142.01108,-36.69902],[142.01112,-36.70771]],[[142.01112,-36.70771],[142.01107,-36.71968]],[[142.01107,-36.71968],[142.01107,-36.72186],[142.01118,-36.72212]],[[142.01118,-36.72212],[142.01246,-36.72309],[142.01521,-36.72752]],[[142.01521,-36.72752],[142.01628,-36.7292],[142.0171,-36.73013],[142.01731,-36.73047],[142.01766,-36.73144],[142.02156,-36.73758]]]}},{"type":"Feature","properties":{"name":"St Helens Rd","surface":"gravel","hierarchy":"Access","length_m":7378},"geometry":{"type":"MultiLineString","coordinates":[[[142.41309,-36.76541],[142.41309,-36.77858]],[[142.41309,-36.77858],[142.41308,-36.79227]],[[142.41308,-36.79227],[142.41307,-36.80576]],[[142.41307,-36.80576],[142.41306,-36.80917]],[[142.41306,-36.81565],[142.41307,-36.81912]],[[142.41307,-36.81912],[142.4131,-36.83257]]]}},{"type":"Feature","properties":{"name":"Walsgotts Rd","surface":"gravel","hierarchy":"Access","length_m":865},"geometry":{"type":"LineString","coordinates":[[142.28533,-36.58856],[142.28543,-36.58879],[142.28537,-36.59847]]}},{"type":"Feature","properties":{"name":"South Rd","surface":"gravel","hierarchy":"Minor","length_m":820},"geometry":{"type":"MultiLineString","coordinates":[[[142.28534,-36.76783],[142.28066,-36.76782]],[[142.27007,-36.76779],[142.26707,-36.76778]]]}},{"type":"Feature","properties":{"name":"Sutherlands Rd","surface":"gravel","hierarchy":"Access","length_m":590},"geometry":{"type":"LineString","coordinates":[[141.75858,-36.78289],[141.76464,-36.78358]]}},{"type":"Feature","properties":{"name":"Mokepilly Rd","surface":"gravel","hierarchy":"Access","length_m":5745},"geometry":{"type":"MultiLineString","coordinates":[[[142.32436,-36.52451],[142.33495,-36.52447]],[[142.33495,-36.52447],[142.34646,-36.52453]],[[142.34646,-36.52453],[142.3499,-36.52456]],[[142.36494,-36.52465],[142.36755,-36.52466]],[[142.36755,-36.52466],[142.38012,-36.52474]],[[142.38012,-36.52474],[142.38737,-36.52479]],[[142.38737,-36.52479],[142.39168,-36.52483]],[[142.39168,-36.52483],[142.39209,-36.52483]]]}},{"type":"Feature","properties":{"name":"Manson Rd","surface":"gravel","hierarchy":"Access","length_m":170},"geometry":{"type":"LineString","coordinates":[[142.09301,-36.62317],[142.09302,-36.6247]]}},{"type":"Feature","properties":{"name":"Magees Rd","surface":"gravel","hierarchy":"Access","length_m":2865},"geometry":{"type":"LineString","coordinates":[[142.29788,-36.68021],[142.29818,-36.70596]]}},{"type":"Feature","properties":{"name":"Field Days Rd","surface":"gravel","hierarchy":"Access","length_m":426},"geometry":{"type":"MultiLineString","coordinates":[[[142.30343,-36.68157],[142.30472,-36.68212]],[[142.30472,-36.68212],[142.3058,-36.68258]],[[142.3058,-36.68258],[142.30733,-36.68324]]]}},{"type":"Feature","properties":{"name":"Moody School Rd","surface":"gravel","hierarchy":"Minor","length_m":1300},"geometry":{"type":"LineString","coordinates":[[141.9699,-36.77124],[141.98341,-36.77124]]}},{"type":"Feature","properties":{"name":"Barrs Rd","surface":"gravel","hierarchy":"Access","length_m":1600},"geometry":{"type":"MultiLineString","coordinates":[[[142.03919,-36.78088],[142.039,-36.78213]],[[142.039,-36.78213],[142.03738,-36.7926]],[[142.03738,-36.7926],[142.03735,-36.79283]],[[142.03735,-36.79283],[142.03713,-36.7943]],[[142.03713,-36.7943],[142.03699,-36.79519]]]}},{"type":"Feature","properties":{"name":"Nine Mile Hotel Rd","surface":"gravel","hierarchy":"Access","length_m":755},"geometry":{"type":"LineString","coordinates":[[142.12671,-36.59543],[142.13084,-36.60081]]}},{"type":"Feature","properties":{"name":"Kuhne Rd","surface":"gravel","hierarchy":"Access","length_m":2210},"geometry":{"type":"LineString","coordinates":[[141.91891,-36.67767],[141.91918,-36.67758],[141.93224,-36.6776]]}},{"type":"Feature","properties":{"name":"A Keytes Rd","surface":"gravel","hierarchy":"Access","length_m":3445},"geometry":{"type":"LineString","coordinates":[[141.89907,-36.71459],[141.89935,-36.73879],[141.89948,-36.739],[141.90469,-36.7391],[141.90476,-36.73918],[141.90475,-36.74155]]}},{"type":"Feature","properties":{"name":"Barbers Rd","surface":"gravel","hierarchy":"Access","length_m":3010},"geometry":{"type":"LineString","coordinates":[[142.08118,-36.53947],[142.09048,-36.53947],[142.09073,-36.53945],[142.09124,-36.53914],[142.09148,-36.5391],[142.11468,-36.53902]]}},{"type":"Feature","properties":{"name":"Keatings Rd","surface":"gravel","hierarchy":"Access","length_m":1320},"geometry":{"type":"MultiLineString","coordinates":[[[142.13505,-36.68265],[142.13514,-36.69383]],[[142.13514,-36.69383],[142.13515,-36.69455]]]}},{"type":"Feature","properties":{"name":"Shearwoods Rd","surface":"gravel","hierarchy":"Access","length_m":3060},"geometry":{"type":"LineString","coordinates":[[142.2772,-36.53809],[142.31109,-36.53794],[142.31132,-36.53804]]}},{"type":"Feature","properties":{"name":"Sampsons Rd","surface":"gravel","hierarchy":"Minor","length_m":1480},"geometry":{"type":"MultiLineString","coordinates":[[[142.01551,-36.6176],[142.01877,-36.61761],[142.01895,-36.61771],[142.01897,-36.62023]],[[142.01897,-36.62023],[142.01897,-36.6214]]]}},{"type":"Feature","properties":{"name":"Tralee Ln","surface":"gravel","hierarchy":"Access","length_m":283},"geometry":{"type":"MultiLineString","coordinates":[[[142.32588,-36.68655],[142.32431,-36.68666],[142.32189,-36.68661],[142.32031,-36.68667],[142.31822,-36.6865],[142.3169,-36.68655],[142.31657,-36.68663]],[[142.33057,-36.68651],[142.33033,-36.68644],[142.32958,-36.68645]],[[142.3296,-36.68688],[142.32967,-36.68677],[142.32958,-36.68645]]]}},{"type":"Feature","properties":{"name":"Doug Tuckers Rd","surface":"gravel","hierarchy":"Access","length_m":1340},"geometry":{"type":"LineString","coordinates":[[142.37659,-36.68655],[142.37659,-36.69845]]}},{"type":"Feature","properties":{"name":"Werners Ln","surface":"gravel","hierarchy":"Access","length_m":365},"geometry":{"type":"LineString","coordinates":[[141.92425,-36.77607],[141.92705,-36.77607]]}},{"type":"Feature","properties":{"name":"Crafters Rd","surface":"gravel","hierarchy":"Access","length_m":537},"geometry":{"type":"LineString","coordinates":[[142.35499,-36.45781],[142.35496,-36.46266]]}},{"type":"Feature","properties":{"name":"Thomas Rd","surface":"gravel","hierarchy":"Access","length_m":1510},"geometry":{"type":"LineString","coordinates":[[142.19284,-36.43644],[142.19297,-36.45003]]}},{"type":"Feature","properties":{"name":"Andrews Rd","surface":"gravel","hierarchy":"Minor","length_m":590},"geometry":{"type":"LineString","coordinates":[[142.26056,-36.73845],[142.26721,-36.73845]]}},{"type":"Feature","properties":{"name":"Dahlen Quarry Rd","surface":"gravel","hierarchy":"Minor","length_m":7600},"geometry":{"type":"MultiLineString","coordinates":[[[142.02553,-36.63926],[142.03891,-36.63927]],[[142.03891,-36.63927],[142.04805,-36.63928]],[[142.04805,-36.63928],[142.06612,-36.63923]],[[142.06612,-36.63923],[142.07994,-36.63921]],[[142.07994,-36.63921],[142.08418,-36.63921]],[[142.08418,-36.63921],[142.08808,-36.6392]],[[142.08808,-36.6392],[142.09388,-36.63917]],[[142.09388,-36.63917],[142.10224,-36.63914]],[[142.10224,-36.63914],[142.10536,-36.63913]],[[142.10536,-36.63913],[142.11027,-36.63911]]]}},{"type":"Feature","properties":{"name":"Natimuk Lake School Rd","surface":"gravel","hierarchy":"Access","length_m":1660},"geometry":{"type":"LineString","coordinates":[[141.94227,-36.69254],[141.96053,-36.68916]]}},{"type":"Feature","properties":{"name":"Mills Rd","surface":"gravel","hierarchy":"Access","length_m":900},"geometry":{"type":"LineString","coordinates":[[142.36733,-36.6865],[142.36738,-36.70498]]}},{"type":"Feature","properties":{"name":"Coffeys Rd","surface":"gravel","hierarchy":"Minor","length_m":545},"geometry":{"type":"MultiLineString","coordinates":[[[142.32863,-36.48389],[142.33232,-36.48389]],[[142.33232,-36.48389],[142.33472,-36.48389]]]}},{"type":"Feature","properties":{"name":"Byrneville West Rd","surface":"gravel","hierarchy":"Access","length_m":3395},"geometry":{"type":"LineString","coordinates":[[142.29094,-36.48507],[142.32863,-36.48513]]}},{"type":"Feature","properties":{"name":"Nattrass Rd","surface":"gravel","hierarchy":"Access","length_m":2360},"geometry":{"type":"MultiLineString","coordinates":[[[142.08061,-36.62473],[142.08072,-36.64306]],[[142.08072,-36.64306],[142.08073,-36.64594]]]}},{"type":"Feature","properties":{"name":"Mervyn Rd","surface":"gravel","hierarchy":"Access","length_m":1430},"geometry":{"type":"LineString","coordinates":[[142.01953,-36.56181],[142.01957,-36.56839],[142.01951,-36.56914],[142.0196,-36.56978],[142.01951,-36.5744],[142.01953,-36.57453],[142.01976,-36.57464]]}},{"type":"Feature","properties":{"name":"Walter Rd","surface":"gravel","hierarchy":"Access","length_m":1140},"geometry":{"type":"LineString","coordinates":[[142.04091,-36.562],[142.04088,-36.5721]]}},{"type":"Feature","properties":{"name":"G Webbs Rd","surface":"gravel","hierarchy":"Minor","length_m":190},"geometry":{"type":"MultiLineString","coordinates":[[[141.77922,-36.70448],[141.78074,-36.70467]],[[141.78076,-36.70458],[141.78133,-36.70463]]]}},{"type":"Feature","properties":{"name":"Motts Rd","surface":"gravel","hierarchy":"Access","length_m":4980},"geometry":{"type":"MultiLineString","coordinates":[[[142.07688,-36.85855],[142.07602,-36.86402]],[[142.07602,-36.86402],[142.07534,-36.86842]],[[142.07534,-36.86842],[142.07468,-36.87273]],[[142.07468,-36.87273],[142.07378,-36.87854]],[[142.07378,-36.87854],[142.07385,-36.87879]],[[142.07385,-36.87879],[142.08231,-36.87965]],[[142.07471,-36.87253],[142.07378,-36.87854]],[[142.07385,-36.87879],[142.07591,-36.879]],[[142.07591,-36.879],[142.08663,-36.88009]],[[142.08663,-36.88009],[142.08672,-36.88042]],[[142.08663,-36.88009],[142.08738,-36.88016]]]}},{"type":"Feature","properties":{"name":"Hills Rd","surface":"gravel","hierarchy":"Access","length_m":4050},"geometry":{"type":"LineString","coordinates":[[142.11576,-36.92086],[142.11481,-36.95728]]}},{"type":"Feature","properties":{"name":"Fergusons Sandhill Rd","surface":"gravel","hierarchy":"Minor","length_m":740},"geometry":{"type":"LineString","coordinates":[[141.89577,-36.80664],[141.8951,-36.81133]]}},{"type":"Feature","properties":{"name":"Emmersons Rd","surface":"gravel","hierarchy":"Minor","length_m":620},"geometry":{"type":"LineString","coordinates":[[141.84793,-36.88545],[141.85462,-36.88609]]}},{"type":"Feature","properties":{"name":"Cozens Rd","surface":"gravel","hierarchy":"Minor","length_m":450},"geometry":{"type":"LineString","coordinates":[[142.06639,-36.92716],[142.06578,-36.93117]]}},{"type":"Feature","properties":{"name":"Watsons Rd","surface":"gravel","hierarchy":"Access","length_m":1160},"geometry":{"type":"LineString","coordinates":[[142.39755,-36.81203],[142.3815,-36.812]]}},{"type":"Feature","properties":{"name":"Wattle Rd","surface":"gravel","hierarchy":"Access","length_m":570},"geometry":{"type":"LineString","coordinates":[[142.32169,-37.06235],[142.32795,-37.06759]]}},{"type":"Feature","properties":{"name":"Creaseys Rd","surface":"gravel","hierarchy":"Access","length_m":410},"geometry":{"type":"LineString","coordinates":[[141.96697,-37.13677],[141.97191,-37.13728],[141.97257,-37.13726],[141.97305,-37.13734],[141.97309,-37.13753]]}},{"type":"Feature","properties":{"name":"Hammonds Rd","surface":"gravel","hierarchy":"Minor","length_m":790},"geometry":{"type":"MultiLineString","coordinates":[[[141.91923,-36.79693],[141.91834,-36.80267]],[[141.91812,-36.80402],[141.91803,-36.80467]]]}},{"type":"Feature","properties":{"name":"Lanes Rd","surface":"gravel","hierarchy":"Access","length_m":1860},"geometry":{"type":"LineString","coordinates":[[142.11261,-36.86224],[142.10998,-36.87885]]}},{"type":"Feature","properties":{"name":"Hammonds Woolshed Rd","surface":"gravel","hierarchy":"Minor","length_m":3240},"geometry":{"type":"MultiLineString","coordinates":[[[142.17146,-36.94156],[142.18733,-36.94161]],[[142.18733,-36.94161],[142.19311,-36.94162]],[[142.19311,-36.94162],[142.2017,-36.94165]]]}},{"type":"Feature","properties":{"name":"Mc Tavishs Rd","surface":"gravel","hierarchy":"Access","length_m":3043},"geometry":{"type":"LineString","coordinates":[[142.35812,-36.94677],[142.3427,-36.94677],[142.3416,-36.94671],[142.33927,-36.94676],[142.3319,-36.94668],[142.32385,-36.94674]]}},{"type":"Feature","properties":{"name":"Langlands Rd","surface":"gravel","hierarchy":"Access","length_m":1520},"geometry":{"type":"MultiLineString","coordinates":[[[142.17553,-37.08987],[142.17633,-37.08995],[142.17662,-37.08986],[142.17753,-37.0888],[142.17831,-37.0882],[142.17972,-37.08749],[142.1803,-37.08701],[142.18079,-37.0864],[142.18111,-37.08569],[142.18143,-37.08559],[142.18294,-37.08238],[142.18324,-37.08153],[142.18416,-37.08003],[142.18466,-37.07872],[142.185,-37.07822],[142.18544,-37.07793],[142.18594,-37.07668],[142.18604,-37.07591],[142.18663,-37.07454],[142.18688,-37.0742]],[[142.18688,-37.0742],[142.18745,-37.07396],[142.18775,-37.07406]],[[142.18688,-37.0742],[142.18773,-37.07321]]]}},{"type":"Feature","properties":{"name":"Jacka Jacka Rd","surface":"gravel","hierarchy":"Access","length_m":2425},"geometry":{"type":"MultiLineString","coordinates":[[[141.80381,-36.80271],[141.80449,-36.80393]],[[141.83384,-36.82568],[141.83979,-36.8327]],[[141.83979,-36.8327],[141.84547,-36.83943]],[[141.84547,-36.83943],[141.84605,-36.84033],[141.84685,-36.84365],[141.84715,-36.84384]]]}},{"type":"Feature","properties":{"name":"Geberts Rd","surface":"gravel","hierarchy":"Access","length_m":2920},"geometry":{"type":"LineString","coordinates":[[141.86229,-36.80804],[141.89485,-36.81133]]}},{"type":"Feature","properties":{"name":"Connangorach Rd","surface":"gravel","hierarchy":"Minor","length_m":3810},"geometry":{"type":"MultiLineString","coordinates":[[[142.03154,-36.94069],[142.03029,-36.94916]],[[142.03029,-36.94916],[142.02921,-36.95629]],[[142.02921,-36.95629],[142.02845,-36.96119]],[[142.02845,-36.96119],[142.02748,-36.96743]],[[142.02692,-36.97099],[142.02579,-36.97821]]]}},{"type":"Feature","properties":{"name":"Crutes North Rd","surface":"gravel","hierarchy":"Access","length_m":2490},"geometry":{"type":"MultiLineString","coordinates":[[[142.48072,-36.81182],[142.48068,-36.81586]],[[142.48068,-36.81586],[142.48066,-36.81898]],[[142.48065,-36.8244],[142.48064,-36.82639],[142.48083,-36.82654],[142.48158,-36.82655],[142.48174,-36.82671]]]}},{"type":"Feature","properties":{"name":"Dickersons Rd","surface":"gravel","hierarchy":"Minor","length_m":4570},"geometry":{"type":"LineString","coordinates":[[141.70243,-36.81826],[141.75294,-36.82313]]}},{"type":"Feature","properties":{"name":"Jeffries Rd","surface":"gravel","hierarchy":"Minor","length_m":2000},"geometry":{"type":"LineString","coordinates":[[141.89307,-37.06641],[141.91266,-37.06835]]}},{"type":"Feature","properties":{"name":"Black Swamp Ln","surface":"gravel","hierarchy":"Access","length_m":80},"geometry":{"type":"LineString","coordinates":[[141.78303,-36.78918],[141.7827,-36.79148],[141.78252,-36.79185],[141.78254,-36.79215],[141.78211,-36.7948],[141.78224,-36.79631],[141.78167,-36.79731],[141.78146,-36.79975],[141.78135,-36.80001],[141.78129,-36.80089],[141.78064,-36.80455],[141.78028,-36.80713]]}},{"type":"Feature","properties":{"name":"Toolondo Gun Club Rd","surface":"gravel","hierarchy":"Access","length_m":2220},"geometry":{"type":"LineString","coordinates":[[141.94031,-36.95674],[141.95849,-36.95853],[141.95875,-36.95849],[141.96113,-36.95763],[141.96195,-36.95749],[141.96307,-36.95755],[141.96403,-36.95792]]}},{"type":"Feature","properties":{"name":"H H Scotts Rd","surface":"gravel","hierarchy":"Access","length_m":1630},"geometry":{"type":"LineString","coordinates":[[141.87372,-36.80921],[141.8731,-36.81366],[141.87354,-36.81413],[141.87363,-36.81435],[141.87363,-36.81463],[141.87371,-36.81468],[141.87644,-36.81494],[141.87667,-36.81498],[141.8769,-36.81514],[141.87705,-36.81558],[141.87702,-36.81594],[141.87649,-36.81987],[141.87684,-36.82099]]}},{"type":"Feature","properties":{"name":"White Swamp Rd","surface":"gravel","hierarchy":"Minor","length_m":2550},"geometry":{"type":"LineString","coordinates":[[142.01274,-36.95962],[142.06058,-36.96437],[142.06068,-36.96453],[142.06008,-36.96868]]}},{"type":"Feature","properties":{"name":"Hallams Rd","surface":"gravel","hierarchy":"Access","length_m":50},"geometry":{"type":"LineString","coordinates":[[142.13482,-36.89032],[142.16007,-36.89015]]}},{"type":"Feature","properties":{"name":"Dip Swamp Rd","surface":"gravel","hierarchy":"Minor","length_m":700},"geometry":{"type":"LineString","coordinates":[[142.10932,-36.9629],[142.10745,-36.96577],[142.1071,-36.96584],[142.10409,-36.96554]]}},{"type":"Feature","properties":{"name":"B Ross Rd","surface":"gravel","hierarchy":"Access","length_m":1530},"geometry":{"type":"LineString","coordinates":[[141.93502,-37.10655],[141.93512,-37.10557],[141.93535,-37.10481],[141.93704,-37.09328],[141.93716,-37.09294]]}},{"type":"Feature","properties":{"name":"Camerons Rd","surface":"gravel","hierarchy":"Access","length_m":6075},"geometry":{"type":"MultiLineString","coordinates":[[[141.98206,-36.98564],[141.98248,-36.98581]],[[141.98248,-36.98581],[141.98641,-36.98618]],[[141.98641,-36.98618],[141.98666,-36.98636]],[[141.98666,-36.98636],[141.98756,-36.98789]],[[141.98756,-36.98789],[141.98778,-36.98797]],[[141.98778,-36.98797],[141.98963,-36.98814]],[[141.98963,-36.98814],[141.98981,-36.98823]],[[141.98981,-36.98823],[141.98949,-36.99025]],[[141.98949,-36.99025],[141.98954,-36.9905]],[[141.98954,-36.9905],[141.9898,-36.99062]],[[141.9898,-36.99062],[142.0014,-36.99177]],[[142.0014,-36.99177],[142.00766,-36.99238]],[[141.9898,-36.99062],[141.99464,-36.9911]],[[141.99464,-36.9911],[142.00766,-36.99238]],[[142.00758,-36.99288],[142.00761,-36.99297]],[[142.00761,-36.99297],[142.00775,-36.99303]],[[142.00775,-36.99303],[142.01771,-36.994]],[[142.01771,-36.994],[142.023,-36.99452]],[[142.01771,-36.994],[142.01793,-36.99402]],[[142.32901,-36.96556],[142.32399,-36.96557]]]}},{"type":"Feature","properties":{"name":"Ansons Rd","surface":"gravel","hierarchy":"Access","length_m":500},"geometry":{"type":"LineString","coordinates":[[141.96913,-36.83609],[141.96933,-36.83626],[141.96973,-36.83715],[141.96994,-36.83823],[141.97101,-36.84024],[141.97106,-36.84055],[141.971,-36.8409],[141.97111,-36.84101],[141.97162,-36.8411],[141.9716,-36.84142],[141.97179,-36.84177]]}},{"type":"Feature","properties":{"name":"Robertsons Rd","surface":"gravel","hierarchy":"Access","length_m":1578},"geometry":{"type":"MultiLineString","coordinates":[[[141.95849,-37.10254],[141.93958,-37.10066]],[[141.93958,-37.10066],[141.93602,-37.10028]]]}},{"type":"Feature","properties":{"name":"Mitchells Rd","surface":"gravel","hierarchy":"Access","length_m":770},"geometry":{"type":"LineString","coordinates":[[141.97174,-36.97034],[141.97263,-36.97042],[141.97445,-36.97043],[141.97485,-36.97053],[141.98044,-36.97071],[141.98179,-36.97088],[141.98308,-36.9709]]}},{"type":"Feature","properties":{"name":"Roberts Rd","surface":"gravel","hierarchy":"Access","length_m":4980},"geometry":{"type":"LineString","coordinates":[[142.21623,-36.99126],[142.21635,-36.99166],[142.21618,-37.01305],[142.21613,-37.0322],[142.21597,-37.03329],[142.21646,-37.03527],[142.21674,-37.03599]]}},{"type":"Feature","properties":{"name":"Holmes Rd","surface":"gravel","hierarchy":"Minor","length_m":2360},"geometry":{"type":"MultiLineString","coordinates":[[[142.00748,-36.99349],[142.00671,-36.99862]],[[142.01119,-37.00414],[142.01093,-37.00561],[142.01098,-37.00587],[142.01113,-37.00608],[142.0122,-37.00699],[142.01238,-37.00718],[142.0124,-37.00733],[142.01233,-37.00755],[142.01034,-37.00987],[142.00991,-37.01301],[142.00978,-37.0134],[142.00885,-37.01932]]]}},{"type":"Feature","properties":{"name":"Mc Genniskens Rd","surface":"gravel","hierarchy":"Access","length_m":2000},"geometry":{"type":"LineString","coordinates":[[142.13991,-36.84139],[142.13994,-36.84222],[142.14106,-36.84533],[142.14342,-36.85352],[142.14394,-36.85565],[142.14501,-36.85898]]}},{"type":"Feature","properties":{"name":"Nurrabiel Cemetery Rd","surface":"gravel","hierarchy":"Access","length_m":3280},"geometry":{"type":"LineString","coordinates":[[142.03286,-36.88374],[142.0329,-36.88442],[142.03281,-36.88462],[142.02408,-36.90054],[142.02352,-36.90132],[142.02355,-36.90155],[142.022,-36.91164]]}},{"type":"Feature","properties":{"name":"Miss Williamsons Rd","surface":"gravel","hierarchy":"Minor","length_m":2110},"geometry":{"type":"MultiLineString","coordinates":[[[142.00994,-36.97741],[142.01005,-36.97672],[142.01035,-36.9767]],[[142.01035,-36.9767],[142.01069,-36.97674]],[[142.01069,-36.97674],[142.01526,-36.97718]],[[142.01526,-36.97718],[142.02597,-36.97823]],[[142.02597,-36.97823],[142.03288,-36.97891]]]}},{"type":"Feature","properties":{"name":"Zippels Rd","surface":"gravel","hierarchy":"Minor","length_m":3150},"geometry":{"type":"LineString","coordinates":[[142.2132,-36.85938],[142.24816,-36.85942],[142.24846,-36.85948]]}},{"type":"Feature","properties":{"name":"Bunworths Rd","surface":"gravel","hierarchy":"Access","length_m":1200},"geometry":{"type":"LineString","coordinates":[[142.33974,-36.91637],[142.32629,-36.91633]]}},{"type":"Feature","properties":{"name":"Speirs Rd","surface":"gravel","hierarchy":"Access","length_m":2070},"geometry":{"type":"LineString","coordinates":[[142.05792,-36.98299],[142.06171,-36.98339],[142.06331,-36.98348],[142.06433,-36.98364],[142.07067,-36.98422],[142.0721,-36.98442],[142.07446,-36.98454],[142.07662,-36.98485],[142.07799,-36.9849],[142.07999,-36.98521],[142.08157,-36.98528],[142.08435,-36.98564],[142.09309,-36.98654]]}},{"type":"Feature","properties":{"name":"Stelee Park Dr","surface":"gravel","hierarchy":"Access","length_m":610},"geometry":{"type":"LineString","coordinates":[[142.43108,-36.85577],[142.43128,-36.85606],[142.43135,-36.85633],[142.43132,-36.86076],[142.43126,-36.86097],[142.43102,-36.86124]]}},{"type":"Feature","properties":{"name":"J Emmersons Rd","surface":"gravel","hierarchy":"Access","length_m":740},"geometry":{"type":"MultiLineString","coordinates":[[[141.83642,-36.90744],[141.83688,-36.90664]],[[141.84589,-36.90729],[141.85549,-36.90828]]]}},{"type":"Feature","properties":{"name":"Mt Talbot Reserve Rd","surface":"gravel","hierarchy":"Access","length_m":3370},"geometry":{"type":"LineString","coordinates":[[142.0521,-37.0209],[142.08955,-37.02457]]}},{"type":"Feature","properties":{"name":"Tullys Ln","surface":"gravel","hierarchy":"Minor","length_m":3225},"geometry":{"type":"LineString","coordinates":[[142.13984,-36.92571],[142.17616,-36.92579]]}},{"type":"Feature","properties":{"name":"Brimacombes Rd","surface":"gravel","hierarchy":"Access","length_m":4680},"geometry":{"type":"LineString","coordinates":[[142.28448,-36.9919],[142.28448,-37.012],[142.2847,-37.01354],[142.2847,-37.014],[142.28445,-37.01504],[142.28428,-37.02487],[142.28442,-37.02819],[142.28439,-37.0341]]}},{"type":"Feature","properties":{"name":"Elliotts Rd","surface":"gravel","hierarchy":"Minor","length_m":1140},"geometry":{"type":"LineString","coordinates":[[141.78453,-37.11486],[141.79716,-37.11612]]}},{"type":"Feature","properties":{"name":"A Smiths Rd","surface":"gravel","hierarchy":"Access","length_m":1702},"geometry":{"type":"LineString","coordinates":[[142.15485,-36.79935],[142.17406,-36.79943]]}},{"type":"Feature","properties":{"name":"Rich Millers Rd","surface":"gravel","hierarchy":"Minor","length_m":4200},"geometry":{"type":"MultiLineString","coordinates":[[[141.92482,-37.03664],[141.91453,-37.03551],[141.91156,-37.03526]],[[141.91156,-37.03526],[141.90971,-37.03511],[141.90775,-37.03562],[141.90437,-37.03631],[141.90074,-37.03733]],[[141.90074,-37.03733],[141.8983,-37.03802],[141.89721,-37.03822],[141.89244,-37.03947],[141.89073,-37.03985]],[[141.89073,-37.03985],[141.88819,-37.04053],[141.88777,-37.04051],[141.88656,-37.04023],[141.8861,-37.04022],[141.88558,-37.0405],[141.88447,-37.04144],[141.88403,-37.04169],[141.88128,-37.04246],[141.87959,-37.0428]]]}},{"type":"Feature","properties":{"name":"E Ross Rd","surface":"gravel","hierarchy":"Access","length_m":1600},"geometry":{"type":"LineString","coordinates":[[141.95162,-37.11727],[141.94536,-37.11658],[141.93391,-37.11552],[141.93373,-37.11545]]}},{"type":"Feature","properties":{"name":"Scholfields Rd","surface":"gravel","hierarchy":"Access","length_m":2850},"geometry":{"type":"LineString","coordinates":[[141.97043,-37.11408],[142.00156,-37.11711],[142.00206,-37.11724]]}}]}